PassengerId|Pclass|Name|Nickname|Sex|Age|SibSp|Parch|Ticket|Fare|Embarked|Level|Bridge|Cabin
1|3|Braund, Mr. Owen Harris|Braund|1|22|1|0|A/5 21171|7|2|F|F |F G73
2|1|Cumings, Mrs. John Bradley (Florence Briggs Thayer)|Cumings|0|38|1|0|PC 17599|71|0|C|C8|C85
3|3|Heikkinen, Miss. Laina|Heikkinen|0|26|0|0|STON/O2. 3101282|7|2|E|E1|E101
4|1|Futrelle, Mrs. Jacques Heath (Lily May Peel)|Futrelle|0|35|1|0|113803|53|2|C|C1|C123
5|3|Allen, Mr. William Henry|Allen|1|35|0|0|373450|8|2|B|B5|B51 B53 B55
6|3|Moran, Mr. James|Moran|1|29|0|0|330877|8|1|F|F3|F33
7|1|McCarthy, Mr. Timothy J|McCarthy|1|54|0|0|17463|51|2|E|E4|E46
8|3|Palsson, Master. Gosta Leonard|Palsson|1|2|3|1|349909|21|2|F|F2|F2
9|3|Johnson, Mrs. Oscar W (Elisabeth Vilhelmina Berg)|Johnson|0|27|0|2|347742|11|2|E|E1|E101
10|2|Nasser, Mrs. Nicholas (Adele Achem)|Nasser|0|14|1|0|237736|30|0|B|B4|B42
11|3|Sandstrom, Miss. Marguerite Rut|Sandstrom|0|4|1|1|PP 9549|16|2|G|G6|G6
12|1|Bonnell, Miss. Elizabeth|Bonnell|0|58|0|0|113783|26|2|C|C1|C103
13|3|Saundercock, Mr. William Henry|Saundercock|1|20|0|0|A/5. 2151|8|2|F|F |F G73
14|3|Andersson, Mr. Anders Johan|Andersson|1|39|1|5|347082|31|2|A|A3|A31
15|3|Vestrom, Miss. Hulda Amanda Adolfina|Vestrom|0|14|0|0|350406|7|2|D|D|D
16|2|Hewlett, Mrs. (Mary D Kingcome) |Hewlett|0|55|0|0|248706|16|2|C|C1|C103
17|3|Rice, Master. Eugene|Rice|1|2|4|1|382652|29|1|F|F2|F2
18|2|Williams, Mr. Charles Eugene|Williams|1|29|0|0|244373|13|2|E|E1|E101
19|3|Vander Planke, Mrs. Julius (Emelia Maria Vandemoortele)|Vander Planke|0|31|1|0|345763|18|2|D|D5|D56
20|3|Masselmani, Mrs. Fatima|Masselmani|0|29|0|0|2649|7|0|F|F3|F33
21|2|Fynney, Mr. Joseph J|Fynney|1|35|0|0|239865|26|2|E|E2|E25
22|2|Beesley, Mr. Lawrence|Beesley|1|34|0|0|248698|13|2|D|D5|D56
23|3|"McGowan, Miss. Anna ""Annie"""|McGowan|0|15|0|0|330923|8|1|D|D|D
24|1|Sloper, Mr. William Thompson|Sloper|1|28|0|0|113788|35|2|A|A6|A6
25|3|Palsson, Miss. Torborg Danira|Palsson|0|8|3|1|349909|21|2|F|F2|F2
26|3|Asplund, Mrs. Carl Oscar (Selma Augusta Emilia Johansson)|Asplund|0|38|1|5|347077|31|2|A|A3|A31
27|3|Emir, Mr. Farred Chehab|Emir|1|29|0|0|2631|7|0|E|E1|E10
28|1|Fortune, Mr. Charles Alexander|Fortune|1|19|3|2|19950|263|2|C|C2|C23 C25 C27
29|3|"O'Dwyer, Miss. Ellen ""Nellie"""|O'Dwyer|0|29|0|0|330959|7|1|F|F3|F33
30|3|Todoroff, Mr. Lalio|Todoroff|1|29|0|0|349216|7|2|E|E1|E10
31|1|Uruchurtu, Don. Manuel E|Uruchurtu|1|40|0|0|PC 17601|27|0|A|A3|A31
32|1|Spencer, Mrs. William Augustus (Marie Eugenie)|Spencer|0|29|1|0|PC 17569|146|0|B|B7|B78
33|3|Glynn, Miss. Mary Agatha|Glynn|0|29|0|0|335677|7|1|F|F3|F33
34|2|Wheadon, Mr. Edward H|Wheadon|1|66|0|0|C.A. 24579|10|2|C|C8|C87
35|1|Meyer, Mr. Edgar Joseph|Meyer|1|28|1|0|PC 17604|82|0|B|B7|B77
36|1|Holverson, Mr. Alexander Oskar|Holverson|1|42|1|0|113789|52|2|C|C1|C110
37|3|Mamee, Mr. Hanna|Mamee|1|29|0|0|2677|7|0|E|E1|E10
38|3|Cann, Mr. Ernest Charles|Cann|1|21|0|0|A./5. 2152|8|2|F|F |F G73
39|3|Vander Planke, Miss. Augusta Maria|Vander Planke|0|18|2|0|345764|18|2|D|D|D
40|3|Nicola-Yarred, Miss. Jamila|Nicola-Yarred|0|14|1|0|2651|11|0|D|D|D
41|3|Ahlin, Mrs. Johan (Johanna Persdotter Larsson)|Ahlin|0|40|1|0|7546|9|2|D|D|D
42|2|Turpin, Mrs. William John Robert (Dorothy Ann Wonnacott)|Turpin|0|27|1|0|11668|21|2|A|A1|A19
43|3|Kraeff, Mr. Theodor|Kraeff|1|29|0|0|349253|7|0|E|E1|E10
44|2|Laroche, Miss. Simonne Marie Anne Andree|Laroche|0|3|1|2|SC/Paris 2123|41|0|F|F4|F4
45|3|Devaney, Miss. Margaret Delia|Devaney|0|19|0|0|330958|7|1|F|F |F G73
46|3|Rogers, Mr. William John|Rogers|1|29|0|0|S.C./A.4. 23567|8|2|F|F3|F33
47|3|Lennon, Mr. Denis|Lennon|1|29|1|0|370371|15|1|E|E1|E101
48|3|O'Driscoll, Miss. Bridget|O'Driscoll|0|29|0|0|14311|7|1|F|F3|F33
49|3|Samaan, Mr. Youssef|Samaan|1|29|2|0|2662|21|0|A|A1|A19
50|3|Arnold-Franchi, Mrs. Josef (Josefine Franchi)|Arnold-Franchi|0|18|1|0|349237|17|2|D|D|D
51|3|Panula, Master. Juha Niilo|Panula|1|7|4|1|3101295|39|2|F|F4|F4
52|3|Nosworthy, Mr. Richard Cater|Nosworthy|1|21|0|0|A/4. 39886|7|2|F|F |F G73
53|1|Harper, Mrs. Henry Sleeper (Myna Haxtun)|Harper|0|49|1|0|PC 17572|76|0|D|D3|D33
54|2|Faunthorpe, Mrs. Lizzie (Elizabeth Anne Wilkinson)|Faunthorpe|0|29|1|0|2926|26|2|A|A1|A19
55|1|Ostby, Mr. Engelhart Cornelius|Ostby|1|65|0|1|113509|61|0|B|B3|B30
56|1|Woolner, Mr. Hugh|Woolner|1|29|0|0|19947|35|2|C|C5|C52
57|2|Rugg, Miss. Emily|Rugg|0|21|0|0|C.A. 31026|10|2|D|D|D
58|3|Novel, Mr. Mansouer|Novel|1|28|0|0|2697|7|0|E|E1|E101
59|2|West, Miss. Constance Mirium|West|0|5|1|2|C.A. 34651|27|2|F|F2|F2
60|3|Goodwin, Master. William Frederick|Goodwin|1|11|5|2|CA 2144|46|2|D|D2|D28
61|3|Sirayanian, Mr. Orsen|Sirayanian|1|22|0|0|2669|7|0|F|F |F G73
62|1|Icard, Miss. Amelie|Icard|0|38|0|0|113572|80|2|B|B2|B28
63|1|Harris, Mr. Henry Birkhardt|Harris|1|45|1|0|36973|83|2|C|C8|C83
64|3|Skoog, Master. Harald|Skoog|1|4|3|2|347088|27|2|F|F2|F2
65|1|Stewart, Mr. Albert A|Stewart|1|29|0|0|PC 17605|27|0|A|A1|A19
66|3|Moubarek, Master. Gerios|Moubarek|1|29|1|1|2661|15|0|E|E1|E101
67|2|Nye, Mrs. (Elizabeth Ramell)|Nye|0|29|0|0|C.A. 29395|10|2|F|F3|F33
68|3|Crease, Mr. Ernest James|Crease|1|19|0|0|S.P. 3464|8|2|F|F |F G73
69|3|Andersson, Miss. Erna Alexandra|Andersson|0|17|4|2|3101281|7|2|F|F |F G73
70|3|Kink, Mr. Vincenz|Kink|1|26|2|0|315151|8|2|E|E1|E101
71|2|Jenkin, Mr. Stephen Curnow|Jenkin|1|32|0|0|C.A. 33111|10|2|F|F3|F33
72|3|Goodwin, Miss. Lillian Amy|Goodwin|0|16|5|2|CA 2144|46|2|B|B3|B39
73|2|Hood, Mr. Ambrose Jr|Hood|1|21|0|0|S.O.C. 14879|73|2|B|B3|B35
74|3|Chronopoulos, Mr. Apostolos|Chronopoulos|1|26|1|0|2680|14|0|D|D|D
75|3|Bing, Mr. Lee|Bing|1|32|0|0|1601|56|2|B|B2|B20
76|3|Moen, Mr. Sigurd Hansen|Moen|1|25|0|0|348123|7|2|F|F |F G73
77|3|Staneff, Mr. Ivan|Staneff|1|29|0|0|349208|7|2|E|E1|E10
78|3|Moutal, Mr. Rahamin Haim|Moutal|1|29|0|0|374746|8|2|F|F3|F33
79|2|Caldwell, Master. Alden Gates|Caldwell|1|0|0|2|248738|29|2|F|F2|F2
80|3|Dowdell, Miss. Elizabeth|Dowdell|0|30|0|0|364516|12|2|E|E1|E101
81|3|Waelens, Mr. Achille|Waelens|1|22|0|0|345767|9|2|F|F |F G73
82|3|Sheerlinck, Mr. Jan Baptist|Sheerlinck|1|29|0|0|345779|9|2|F|F3|F33
83|3|McDermott, Miss. Brigdet Delia|McDermott|0|29|0|0|330932|7|1|F|F3|F33
84|1|Carrau, Mr. Francisco M|Carrau|1|28|0|0|113059|47|2|A|A2|A24
85|2|Ilett, Miss. Bertha|Ilett|0|17|0|0|SO/C 14885|10|2|D|D|D
86|3|Backstrom, Mrs. Karl Alfred (Maria Mathilda Gustafsson)|Backstrom|0|33|3|0|3101278|15|2|D|D|D
87|3|Ford, Mr. William Neal|Ford|1|16|1|3|W./C. 6608|34|2|B|B4|B42
88|3|Slocovski, Mr. Selman Francis|Slocovski|1|29|0|0|SOTON/OQ 392086|8|2|F|F3|F33
89|1|Fortune, Miss. Mabel Helen|Fortune|0|23|3|2|19950|263|2|C|C2|C23 C25 C27
90|3|Celotti, Mr. Francesco|Celotti|1|24|0|0|343275|8|2|F|F |F G73
91|3|Christmann, Mr. Emil|Christmann|1|29|0|0|343276|8|2|F|F3|F33
92|3|Andreasson, Mr. Paul Edvin|Andreasson|1|20|0|0|347466|7|2|F|F |F G73
93|1|Chaffee, Mr. Herbert Fuller|Chaffee|1|46|1|0|W.E.P. 5734|61|2|E|E3|E31
94|3|Dean, Mr. Bertram Frank|Dean|1|26|1|2|C.A. 2315|20|2|C|C5|C52
95|3|Coxon, Mr. Daniel|Coxon|1|59|0|0|364500|7|2|C|C1|C103
96|3|Shorney, Mr. Charles Joseph|Shorney|1|29|0|0|374910|8|2|F|F3|F33
97|1|Goldschmidt, Mr. George B|Goldschmidt|1|71|0|0|PC 17754|34|0|A|A5|A5
98|1|Greenfield, Mr. William Bertram|Greenfield|1|23|0|1|PC 17759|63|0|D|D1|D10 D12
99|2|Doling, Mrs. John T (Ada Julia Bone)|Doling|0|34|0|1|231919|23|2|E|E2|E24
100|2|Kantor, Mr. Sinai|Kantor|1|34|1|0|244367|26|2|E|E2|E25
101|3|Petranec, Miss. Matilda|Petranec|0|28|0|0|349245|7|2|E|E1|E101
102|3|"Petroff, Mr. Pastcho (""Pentcho"")"|Petroff|1|29|0|0|349215|7|2|E|E1|E10
103|1|White, Mr. Richard Frasar|White|1|21|0|1|35281|77|2|D|D2|D26
104|3|Johansson, Mr. Gustaf Joel|Johansson|1|33|0|0|7540|8|2|B|B5|B51 B53 B55
105|3|Gustafsson, Mr. Anders Vilhelm|Gustafsson|1|37|2|0|3101276|7|2|B|B5|B51 B53 B55
106|3|Mionoff, Mr. Stoytcho|Mionoff|1|28|0|0|349207|7|2|E|E1|E101
107|3|Salkjelsvik, Miss. Anna Kristine|Salkjelsvik|0|21|0|0|343120|7|2|F|F |F G73
108|3|Moss, Mr. Albert Johan|Moss|1|29|0|0|312991|7|2|E|E1|E10
109|3|Rekic, Mr. Tido|Rekic|1|38|0|0|349249|7|2|B|B5|B51 B53 B55
110|3|Moran, Miss. Bertha|Moran|0|29|1|0|371110|24|1|A|A1|A19
111|1|Porter, Mr. Walter Chamberlain|Porter|1|47|0|0|110465|52|2|C|C1|C110
112|3|Zabour, Miss. Hileni|Zabour|0|14|1|0|2665|14|0|D|D|D
113|3|Barton, Mr. David John|Barton|1|22|0|0|324669|8|2|F|F |F G73
114|3|Jussila, Miss. Katriina|Jussila|0|20|1|0|4136|9|2|F|F |F G73
115|3|Attalah, Miss. Malake|Attalah|0|17|0|0|2627|14|0|D|D|D
116|3|Pekoniemi, Mr. Edvard|Pekoniemi|1|21|0|0|STON/O 2. 3101294|7|2|F|F |F G73
117|3|Connors, Mr. Patrick|Connors|1|70|0|0|370369|7|1|C|C8|C87
118|2|Turpin, Mr. William John Robert|Turpin|1|29|1|0|11668|21|2|A|A1|A19
119|1|Baxter, Mr. Quigg Edmond|Baxter|1|24|0|1|PC 17558|247|0|B|B5|B58 B60
120|3|Andersson, Miss. Ellis Anna Maria|Andersson|0|2|4|2|347082|31|2|F|F2|F2
121|2|Hickman, Mr. Stanley George|Hickman|1|21|2|0|S.O.C. 14879|73|2|B|B3|B35
122|3|Moore, Mr. Leonard Charles|Moore|1|29|0|0|A4. 54510|8|2|F|F3|F33
123|2|Nasser, Mr. Nicholas|Nasser|1|32|1|0|237736|30|0|B|B5|B50
124|2|Webber, Miss. Susan|Webber|0|32|0|0|27267|13|2|E|E1|E101
125|1|White, Mr. Percival Wayland|White|1|54|0|1|35281|77|2|D|D2|D26
126|3|Nicola-Yarred, Master. Elias|Nicola-Yarred|1|12|1|0|2651|11|0|E|E1|E121
127|3|McMahon, Mr. Martin|McMahon|1|29|0|0|370372|7|1|E|E1|E10
128|3|Madsen, Mr. Fridtjof Arne|Madsen|1|24|0|0|C 17369|7|2|F|F |F G73
129|3|Peter, Miss. Anna|Peter|0|29|1|1|2668|22|0|F|F |F E69
130|3|Ekstrom, Mr. Johan|Ekstrom|1|45|0|0|347061|6|2|A|A3|A36
131|3|Drazenoic, Mr. Jozef|Drazenoic|1|33|0|0|349241|7|0|B|B5|B51 B53 B55
132|3|Coelho, Mr. Domingos Fernandeo|Coelho|1|20|0|0|SOTON/O.Q. 3101307|7|2|F|F |F G73
133|3|Robins, Mrs. Alexander A (Grace Charity Laury)|Robins|0|47|1|0|A/5. 3337|14|2|D|D|D
134|2|Weisz, Mrs. Leopold (Mathilde Francoise Pede)|Weisz|0|29|1|0|228414|26|2|A|A1|A19
135|2|Sobey, Mr. Samuel James Hayden|Sobey|1|25|0|0|C.A. 29178|13|2|D|D|D
136|2|Richard, Mr. Emile|Richard|1|23|0|0|SC/PARIS 2133|15|0|D|D|D
137|1|Newsom, Miss. Helen Monypeny|Newsom|0|19|0|2|11752|26|2|D|D4|D47
138|1|Futrelle, Mr. Jacques Heath|Futrelle|1|37|1|0|113803|53|2|C|C1|C123
139|3|Osen, Mr. Olaf Elon|Osen|1|16|0|0|7534|9|2|D|D|D
140|1|Giglio, Mr. Victor|Giglio|1|24|0|0|PC 17593|79|0|B|B8|B86
141|3|Boulos, Mrs. Joseph (Sultana)|Boulos|0|29|0|2|2678|15|0|E|E1|E101
142|3|Nysten, Miss. Anna Sofia|Nysten|0|22|0|0|347081|7|2|F|F |F G73
143|3|Hakkarainen, Mrs. Pekka Pietari (Elin Matilda Dolck)|Hakkarainen|0|24|1|0|STON/O2. 3101279|15|2|D|D|D
144|3|Burke, Mr. Jeremiah|Burke|1|19|0|0|365222|6|1|F|F |F G73
145|2|Andrew, Mr. Edgardo Samuel|Andrew|1|18|0|0|231945|11|2|D|D|D
146|2|Nicholls, Mr. Joseph Charles|Nicholls|1|19|1|1|C.A. 33112|36|2|A|A6|A6
147|3|"Andersson, Mr. August Edvard (""Wennerstrom"")"|Andersson|1|27|0|0|350043|7|2|E|E1|E101
148|3|"Ford, Miss. Robina Maggie ""Ruby"""|Ford|0|9|2|2|W./C. 6608|34|2|F|F4|F4
149|2|"Navratil, Mr. Michel (""Louis M Hoffman"")"|Navratil|1|36|0|2|230080|26|2|F|F2|F2
150|2|Byles, Rev. Thomas Roussel Davids|Byles|1|42|0|0|244310|13|2|D|D|D
151|2|Bateman, Rev. Robert James|Bateman|1|51|0|0|S.O.P. 1166|12|2|D|D1|D17
152|1|Pears, Mrs. Thomas (Edith Wearne)|Pears|0|22|1|0|113776|66|2|C|C2|C2
153|3|Meo, Mr. Alfonzo|Meo|1|55|0|0|A.5. 11206|8|2|B|B9|B94
154|3|van Billiard, Mr. Austin Blyler|van Billiard|1|40|0|2|A/5. 851|14|2|D|D|D
155|3|Olsen, Mr. Ole Martin|Olsen|1|29|0|0|Fa 265302|7|2|E|E1|E10
156|1|Williams, Mr. Charles Duane|Williams|1|51|0|1|PC 17597|61|0|A|A2|A20
157|3|"Gilnagh, Miss. Katherine ""Katie"""|Gilnagh|0|16|0|0|35851|7|1|F|F |F G73
158|3|Corn, Mr. Harry|Corn|1|30|0|0|SOTON/OQ 392090|8|2|E|E1|E10
159|3|Smiljanic, Mr. Mile|Smiljanic|1|29|0|0|315037|8|2|F|F3|F33
160|3|Sage, Master. Thomas Henry|Sage|1|29|8|2|CA. 2343|69|2|B|B3|B35
161|3|Cribb, Mr. John Hatfield|Cribb|1|44|0|1|371362|16|2|D|D|D
162|2|"Watt, Mrs. James (Elizabeth ""Bessie"" Inglis Milne)"|Watt|0|40|0|0|C.A. 33595|15|2|D|D|D
163|3|Bengtsson, Mr. John Viktor|Bengtsson|1|26|0|0|347068|7|2|E|E1|E101
164|3|Calic, Mr. Jovo|Calic|1|17|0|0|315093|8|2|F|F |F G73
165|3|Panula, Master. Eino Viljami|Panula|1|1|4|1|3101295|39|2|F|F4|F4
166|3|"Goldsmith, Master. Frank John William ""Frankie"""|Goldsmith|1|9|0|2|363291|20|2|E|E1|E121
167|1|Chibnall, Mrs. (Edith Martha Bowerman)|Chibnall|0|29|0|1|113505|55|2|E|E3|E33
168|3|Skoog, Mrs. William (Anna Bernhardina Karlsson)|Skoog|0|45|1|4|347088|27|2|B|B3|B38
169|1|Baumann, Mr. John D|Baumann|1|29|0|0|PC 17318|25|2|A|A1|A19
170|3|Ling, Mr. Lee|Ling|1|28|0|0|1601|56|2|E|E3|E33
171|1|Van der hoef, Mr. Wyckoff|Van der hoef|1|61|0|0|111240|33|2|B|B1|B19
172|3|Rice, Master. Arthur|Rice|1|4|4|1|382652|29|1|F|F2|F2
173|3|Johnson, Miss. Eleanor Ileen|Johnson|0|1|1|1|347742|11|2|G|G6|G6
174|3|Sivola, Mr. Antti Wilhelm|Sivola|1|21|0|0|STON/O 2. 3101280|7|2|F|F |F G73
175|1|Smith, Mr. James Clinch|Smith|1|56|0|0|17764|30|0|A|A7|A7
176|3|Klasen, Mr. Klas Albin|Klasen|1|18|1|1|350404|7|2|F|F |F G73
177|3|Lefebre, Master. Henry Forbes|Lefebre|1|29|3|1|4133|25|2|A|A1|A19
178|1|Isham, Miss. Ann Elizabeth|Isham|0|50|0|0|PC 17595|28|0|C|C4|C49
179|2|Hale, Mr. Reginald|Hale|1|30|0|0|250653|13|2|E|E1|E101
180|3|Leonard, Mr. Lionel|Leonard|1|36|0|0|LINE|0|2|A|A3|A36
181|3|Sage, Miss. Constance Gladys|Sage|0|29|8|2|CA. 2343|69|2|B|B3|B35
182|2|Pernot, Mr. Rene|Pernot|1|29|0|0|SC/PARIS 2131|15|0|E|E1|E101
183|3|Asplund, Master. Clarence Gustaf Hugo|Asplund|1|9|4|2|347077|31|2|F|F2|F2
184|2|Becker, Master. Richard F|Becker|1|1|2|1|230136|39|2|F|F4|F4
185|3|Kink-Heilmann, Miss. Luise Gretchen|Kink-Heilmann|0|4|0|2|315153|22|2|F|F2|F2
186|1|Rood, Mr. Hugh Roscoe|Rood|1|29|0|0|113767|50|2|A|A3|A32
187|3|"O'Brien, Mrs. Thomas (Johanna ""Hannah"" Godfrey)"|O'Brien|0|29|1|0|370365|15|1|E|E1|E101
188|1|"Romaine, Mr. Charles Hallace (""Mr C Rolmane"")"|Romaine|1|45|0|0|111428|26|2|B|B3|B38
189|3|Bourke, Mr. John|Bourke|1|40|1|1|364849|15|1|D|D|D
190|3|Turcin, Mr. Stjepan|Turcin|1|36|0|0|349247|7|2|B|B5|B51 B53 B55
191|2|Pinsky, Mrs. (Rosa)|Pinsky|0|32|0|0|234604|13|2|E|E1|E101
192|2|Carbines, Mr. William|Carbines|1|19|0|0|28424|13|2|D|D|D
193|3|Andersen-Jensen, Miss. Carla Christine Nielsine|Andersen-Jensen|0|19|1|0|350046|7|2|F|F |F G73
194|2|Navratil, Master. Michel M|Navratil|1|3|1|1|230080|26|2|F|F2|F2
195|1|Brown, Mrs. James Joseph (Margaret Tobin)|Brown|0|44|0|0|PC 17610|27|0|B|B4|B4
196|1|Lurette, Miss. Elise|Lurette|0|58|0|0|PC 17569|146|0|B|B8|B80
197|3|Mernagh, Mr. Robert|Mernagh|1|29|0|0|368703|7|1|E|E1|E10
198|3|Olsen, Mr. Karl Siegwart Andreas|Olsen|1|42|0|1|4579|8|2|D|D|D
199|3|"Madigan, Miss. Margaret ""Maggie"""|Madigan|0|29|0|0|370370|7|1|F|F3|F33
200|2|"Yrois, Miss. Henriette (""Mrs Harbeck"")"|Yrois|0|24|0|0|248747|13|2|D|D|D
201|3|Vande Walle, Mr. Nestor Cyriel|Vande Walle|1|28|0|0|345770|9|2|E|E1|E101
202|3|Sage, Mr. Frederick|Sage|1|29|8|2|CA. 2343|69|2|B|B3|B35
203|3|Johanson, Mr. Jakob Alfred|Johanson|1|34|0|0|3101264|6|2|B|B5|B51 B53 B55
204|3|Youseff, Mr. Gerious|Youseff|1|45|0|0|2628|7|0|A|A3|A36
205|3|"Cohen, Mr. Gurshon ""Gus"""|Cohen|1|18|0|0|A/5 3540|8|2|F|F |F G73
206|3|Strom, Miss. Telma Matilda|Strom|0|2|0|1|347054|10|2|G|G6|G6
207|3|Backstrom, Mr. Karl Alfred|Backstrom|1|32|1|0|3101278|15|2|E|E1|E101
208|3|Albimona, Mr. Nassef Cassem|Albimona|1|26|0|0|2699|18|0|F|F |F E69
209|3|"Carr, Miss. Helen ""Ellen"""|Carr|0|16|0|0|367231|7|1|F|F |F G73
210|1|Blank, Mr. Henry|Blank|1|40|0|0|112277|31|0|A|A3|A31
211|3|Ali, Mr. Ahmed|Ali|1|24|0|0|SOTON/O.Q. 3101311|7|2|F|F |F G73
212|2|Cameron, Miss. Clear Annie|Cameron|0|35|0|0|F.C.C. 13528|21|2|E|E2|E25
213|3|Perkin, Mr. John Henry|Perkin|1|22|0|0|A/5 21174|7|2|F|F |F G73
214|2|Givard, Mr. Hans Kristensen|Givard|1|30|0|0|250646|13|2|E|E1|E101
215|3|Kiernan, Mr. Philip|Kiernan|1|29|1|0|367229|7|1|E|E1|E10
216|1|Newell, Miss. Madeleine|Newell|0|31|1|0|35273|113|0|D|D3|D36
217|3|Honkanen, Miss. Eliina|Honkanen|0|27|0|0|STON/O2. 3101283|7|2|E|E1|E101
218|2|Jacobsohn, Mr. Sidney Samuel|Jacobsohn|1|42|1|0|243847|27|2|B|B4|B4
219|1|Bazzani, Miss. Albina|Bazzani|0|32|0|0|11813|76|0|D|D1|D15
220|2|Harris, Mr. Walter|Harris|1|30|0|0|W/C 14208|10|2|E|E1|E101
221|3|Sunderland, Mr. Victor Francis|Sunderland|1|16|0|0|SOTON/OQ 392089|8|2|F|F |F G73
222|2|Bracken, Mr. James H|Bracken|1|27|0|0|220367|13|2|E|E1|E101
223|3|Green, Mr. George Henry|Green|1|51|0|0|21440|8|2|B|B9|B94
224|3|Nenkoff, Mr. Christo|Nenkoff|1|29|0|0|349234|7|2|E|E1|E10
225|1|Hoyt, Mr. Frederick Maxfield|Hoyt|1|38|1|0|19943|90|2|C|C9|C93
226|3|Berglund, Mr. Karl Ivar Sven|Berglund|1|22|0|0|PP 4348|9|2|F|F |F G73
227|2|Mellors, Mr. William John|Mellors|1|19|0|0|SW/PP 751|10|2|D|D|D
228|3|"Lovell, Mr. John Hall (""Henry"")"|Lovell|1|20|0|0|A/5 21173|7|2|F|F |F G73
229|2|Fahlstrom, Mr. Arne Jonas|Fahlstrom|1|18|0|0|236171|13|2|D|D|D
230|3|Lefebre, Miss. Mathilde|Lefebre|0|29|3|1|4133|25|2|A|A1|A19
231|1|Harris, Mrs. Henry Birkhardt (Irene Wallach)|Harris|0|35|1|0|36973|83|2|C|C8|C83
232|3|Larsson, Mr. Bengt Edvin|Larsson|1|29|0|0|347067|7|2|E|E1|E10
233|2|Sjostedt, Mr. Ernst Adolf|Sjostedt|1|59|0|0|237442|13|2|C|C1|C103
234|3|Asplund, Miss. Lillian Gertrud|Asplund|0|5|4|2|347077|31|2|F|F2|F2
235|2|Leyson, Mr. Robert William Norman|Leyson|1|24|0|0|C.A. 29566|10|2|E|E1|E101
236|3|Harknett, Miss. Alice Phoebe|Harknett|0|29|0|0|W./C. 6609|7|2|F|F3|F33
237|2|Hold, Mr. Stephen|Hold|1|44|1|0|26707|26|2|B|B3|B38
238|2|"Collyer, Miss. Marjorie ""Lottie"""|Collyer|0|8|0|2|C.A. 31921|26|2|F|F2|F2
239|2|Pengelly, Mr. Frederick William|Pengelly|1|19|0|0|28665|10|2|D|D|D
240|2|Hunt, Mr. George Henry|Hunt|1|33|0|0|SCO/W 1585|12|2|D|D5|D56
241|3|Zabour, Miss. Thamine|Zabour|0|29|1|0|2665|14|0|E|E1|E101
242|3|"Murphy, Miss. Katherine ""Kate"""|Murphy|0|29|1|0|367230|15|1|E|E1|E101
243|2|Coleridge, Mr. Reginald Charles|Coleridge|1|29|0|0|W./C. 14263|10|2|E|E1|E101
244|3|Maenpaa, Mr. Matti Alexanteri|Maenpaa|1|22|0|0|STON/O 2. 3101275|7|2|F|F |F G73
245|3|Attalah, Mr. Sleiman|Attalah|1|30|0|0|2694|7|0|E|E1|E10
246|1|Minahan, Dr. William Edward|Minahan|1|44|2|0|19928|90|1|C|C7|C78
247|3|Lindahl, Miss. Agda Thorilda Viktoria|Lindahl|0|25|0|0|347071|7|2|E|E1|E101
248|2|Hamalainen, Mrs. William (Anna)|Hamalainen|0|24|0|2|250649|14|2|D|D|D
249|1|Beckwith, Mr. Richard Leonard|Beckwith|1|37|1|1|11751|52|2|D|D3|D35
250|2|Carter, Rev. Ernest Courtenay|Carter|1|54|1|0|244252|26|2|C|C1|C103
251|3|Reed, Mr. James George|Reed|1|29|0|0|362316|7|2|E|E1|E10
252|3|Strom, Mrs. Wilhelm (Elna Matilda Persson)|Strom|0|29|1|1|347054|10|2|G|G6|G6
253|1|Stead, Mr. William Thomas|Stead|1|62|0|0|113514|26|2|C|C8|C87
254|3|Lobb, Mr. William Arthur|Lobb|1|30|1|0|A/5. 3336|16|2|E|E1|E101
255|3|Rosblom, Mrs. Viktor (Helena Wilhelmina)|Rosblom|0|41|0|2|370129|20|2|B|B3|B38
256|3|Touma, Mrs. Darwis (Hanne Youssef Razi)|Touma|0|29|0|2|2650|15|0|E|E1|E101
257|1|Thorne, Mrs. Gertrude Maybelle|Thorne|0|29|0|0|PC 17585|79|0|B|B8|B86
258|1|Cherry, Miss. Gladys|Cherry|0|30|0|0|110152|86|2|B|B7|B77
259|1|Ward, Miss. Anna|Ward|0|35|0|0|PC 17755|512|0|B|B1|B101
260|2|Parrish, Mrs. (Lutie Davis)|Parrish|0|50|0|1|230433|26|2|D|D1|D17
261|3|Smith, Mr. Thomas|Smith|1|29|0|0|384461|7|1|E|E1|E10
262|3|Asplund, Master. Edvin Rojj Felix|Asplund|1|3|4|2|347077|31|2|F|F2|F2
263|1|Taussig, Mr. Emil|Taussig|1|52|1|1|110413|79|2|E|E6|E67
264|1|Harrison, Mr. William|Harrison|1|40|0|0|112059|0|2|B|B9|B94
265|3|Henry, Miss. Delia|Henry|0|29|0|0|382649|7|1|F|F3|F33
266|2|Reeves, Mr. David|Reeves|1|36|0|0|C.A. 17248|10|2|D|D|D
267|3|Panula, Mr. Ernesti Arvid|Panula|1|16|4|1|3101295|39|2|B|B4|B42
268|3|Persson, Mr. Ernst Ulrik|Persson|1|25|1|0|347083|7|2|E|E1|E101
269|1|Graham, Mrs. William Thompson (Edith Junkins)|Graham|0|58|0|1|PC 17582|153|2|C|C1|C125
270|1|Bissette, Miss. Amelia|Bissette|0|35|0|0|PC 17760|135|2|C|C9|C99
271|1|Cairns, Mr. Alexander|Cairns|1|29|0|0|113798|31|2|C|C1|C106
272|3|Tornquist, Mr. William Henry|Tornquist|1|25|0|0|LINE|0|2|B|B1|B102
273|2|Mellinger, Mrs. (Elizabeth Anne Maidment)|Mellinger|0|41|0|1|250644|19|2|B|B3|B38
274|1|Natsch, Mr. Charles H|Natsch|1|37|0|1|PC 17596|29|0|C|C1|C118
275|3|"Healy, Miss. Hanora ""Nora"""|Healy|0|29|0|0|370375|7|1|F|F3|F33
276|1|Andrews, Miss. Kornelia Theodosia|Andrews|0|63|1|0|13502|77|2|D|D7|D7
277|3|Lindblom, Miss. Augusta Charlotta|Lindblom|0|45|0|0|347073|7|2|A|A3|A36
278|2|"Parkes, Mr. Francis ""Frank"""|Parkes|1|29|0|0|239853|0|2|B|B1|B102
279|3|Rice, Master. Eric|Rice|1|7|4|1|382652|29|1|F|F2|F2
280|3|Abbott, Mrs. Stanton (Rosa Hunt)|Abbott|0|35|1|1|C.A. 2673|20|2|E|E2|E24
281|3|Duane, Mr. Frank|Duane|1|65|0|0|336439|7|1|C|C8|C87
282|3|Olsson, Mr. Nils Johan Goransson|Olsson|1|28|0|0|347464|7|2|E|E1|E101
283|3|de Pelsmaeker, Mr. Alfons|de Pelsmaeker|1|16|0|0|345778|9|2|D|D|D
284|3|Dorking, Mr. Edward Arthur|Dorking|1|19|0|0|A/5. 10482|8|2|F|F |F G73
285|1|Smith, Mr. Richard William|Smith|1|29|0|0|113056|26|2|A|A1|A19
286|3|Stankovic, Mr. Ivan|Stankovic|1|33|0|0|349239|8|0|B|B5|B51 B53 B55
287|3|de Mulder, Mr. Theodore|de Mulder|1|30|0|0|345774|9|2|E|E1|E10
288|3|Naidenoff, Mr. Penko|Naidenoff|1|22|0|0|349206|7|2|F|F |F G73
289|2|Hosono, Mr. Masabumi|Hosono|1|42|0|0|237798|13|2|D|D|D
290|3|Connolly, Miss. Kate|Connolly|0|22|0|0|370373|7|1|F|F |F G73
291|1|"Barber, Miss. Ellen ""Nellie"""|Barber|0|26|0|0|19877|78|2|B|B8|B86
292|1|Bishop, Mrs. Dickinson H (Helen Walton)|Bishop|0|19|1|0|11967|91|0|B|B4|B49
293|2|Levy, Mr. Rene Jacques|Levy|1|36|0|0|SC/Paris 2163|12|0|D|D|D
294|3|Haas, Miss. Aloisia|Haas|0|24|0|0|349236|8|2|E|E1|E101
295|3|Mineff, Mr. Ivan|Mineff|1|24|0|0|349233|7|2|F|F |F G73
296|1|Lewy, Mr. Ervin G|Lewy|1|29|0|0|PC 17612|27|0|A|A1|A19
297|3|Hanna, Mr. Mansour|Hanna|1|23|0|0|2693|7|0|F|F |F G73
298|1|Allison, Miss. Helen Loraine|Allison|0|2|1|2|113781|151|2|C|C2|C22 C26
299|1|Saalfeld, Mr. Adolphe|Saalfeld|1|29|0|0|19988|30|2|C|C1|C106
300|1|Baxter, Mrs. James (Helene DeLaudeniere Chaput)|Baxter|0|50|0|1|PC 17558|247|0|B|B5|B58 B60
301|3|"Kelly, Miss. Anna Katherine ""Annie Kate"""|Kelly|0|29|0|0|9234|7|1|F|F3|F33
302|3|McCoy, Mr. Bernard|McCoy|1|29|2|0|367226|23|1|A|A1|A19
303|3|Johnson, Mr. William Cahoone Jr|Johnson|1|19|0|0|LINE|0|2|F|F |F G73
304|2|Keane, Miss. Nora A|Keane|0|29|0|0|226593|12|1|E|E1|E101
305|3|"Williams, Mr. Howard Hugh ""Harry"""|Williams|1|29|0|0|A/5 2466|8|2|F|F3|F33
306|1|Allison, Master. Hudson Trevor|Allison|1|0|1|2|113781|151|2|C|C2|C22 C26
307|1|Fleming, Miss. Margaret|Fleming|0|29|0|0|17421|110|0|D|D3|D36
308|1|Penasco y Castellana, Mrs. Victor de Satode (Maria Josefa Perez de Soto y Vallejo)|Penasco y Castellana|0|17|1|0|PC 17758|108|0|C|C6|C65
309|2|Abelson, Mr. Samuel|Abelson|1|30|1|0|P/PP 3381|24|0|A|A1|A19
310|1|Francatelli, Miss. Laura Mabel|Francatelli|0|30|0|0|PC 17485|56|0|E|E3|E36
311|1|Hays, Miss. Margaret Bechstein|Hays|0|24|0|0|11767|83|0|C|C5|C54
312|1|Ryerson, Miss. Emily Borie|Ryerson|0|18|2|2|PC 17608|262|0|B|B5|B57 B59 B63 B66
313|2|Lahtinen, Mrs. William (Anna Sylfven)|Lahtinen|0|26|1|1|250651|26|2|A|A1|A19
314|3|Hendekovic, Mr. Ignjac|Hendekovic|1|28|0|0|349243|7|2|E|E1|E101
315|2|Hart, Mr. Benjamin|Hart|1|43|1|1|F.C.C. 13529|26|2|B|B3|B38
316|3|Nilsson, Miss. Helmina Josefina|Nilsson|0|26|0|0|347470|7|2|E|E1|E101
317|2|Kantor, Mrs. Sinai (Miriam Sternin)|Kantor|0|24|1|0|244367|26|2|A|A1|A19
318|2|Moraweck, Dr. Ernest|Moraweck|1|54|0|0|29011|14|2|D|D1|D17
319|1|Wick, Miss. Mary Natalie|Wick|0|31|0|2|36928|164|2|C|C7|C7
320|1|Spedden, Mrs. Frederic Oakley (Margaretta Corning Stone)|Spedden|0|40|1|1|16966|134|0|E|E3|E34
321|3|Dennis, Mr. Samuel|Dennis|1|22|0|0|A/5 21172|7|2|F|F |F G73
322|3|Danoff, Mr. Yoto|Danoff|1|27|0|0|349219|7|2|E|E1|E101
323|2|Slayter, Miss. Hilda Mary|Slayter|0|30|0|0|234818|12|1|E|E1|E101
324|2|Caldwell, Mrs. Albert Francis (Sylvia Mae Harbaugh)|Caldwell|0|22|1|1|248738|29|2|B|B4|B42
325|3|Sage, Mr. George John Jr|Sage|1|29|8|2|CA. 2343|69|2|B|B3|B35
326|1|Young, Miss. Marie Grice|Young|0|36|0|0|PC 17760|135|0|C|C3|C32
327|3|Nysveen, Mr. Johan Hansen|Nysveen|1|61|0|0|345364|6|2|C|C8|C87
328|2|Ball, Mrs. (Ada E Hall)|Ball|0|36|0|0|28551|13|2|D|D|D
329|3|Goldsmith, Mrs. Frank John (Emily Alice Brown)|Goldsmith|0|31|1|1|363291|20|2|A|A1|A19
330|1|Hippach, Miss. Jean Gertrude|Hippach|0|16|0|1|111361|57|0|B|B1|B18
331|3|McCoy, Miss. Agnes|McCoy|0|29|2|0|367226|23|1|A|A1|A19
332|1|Partner, Mr. Austen|Partner|1|45|0|0|113043|28|2|C|C1|C124
333|1|Graham, Mr. George Edward|Graham|1|38|0|1|PC 17582|153|2|C|C9|C91
334|3|Vander Planke, Mr. Leo Edmondus|Vander Planke|1|16|2|0|345764|18|2|D|D|D
335|1|Frauenthal, Mrs. Henry William (Clara Heinsheimer)|Frauenthal|0|29|1|0|PC 17611|133|2|C|C3|C32
336|3|Denkoff, Mr. Mitto|Denkoff|1|29|0|0|349225|7|2|E|E1|E10
337|1|Pears, Mr. Thomas Clinton|Pears|1|29|1|0|113776|66|2|C|C2|C2
338|1|Burns, Miss. Elizabeth Margaret|Burns|0|41|0|0|16966|134|0|E|E4|E40
339|3|Dahl, Mr. Karl Edwart|Dahl|1|45|0|0|7598|8|2|B|B9|B94
340|1|Blackwell, Mr. Stephen Weart|Blackwell|1|45|0|0|113784|35|2|T|T|T
341|2|Navratil, Master. Edmond Roger|Navratil|1|2|1|1|230080|26|2|F|F2|F2
342|1|Fortune, Miss. Alice Elizabeth|Fortune|0|24|3|2|19950|263|2|C|C2|C23 C25 C27
343|2|Collander, Mr. Erik Gustaf|Collander|1|28|0|0|248740|13|2|E|E1|E101
344|2|Sedgwick, Mr. Charles Frederick Waddington|Sedgwick|1|25|0|0|244361|13|2|D|D|D
345|2|Fox, Mr. Stanley Hubert|Fox|1|36|0|0|229236|13|2|D|D|D
346|2|"Brown, Miss. Amelia ""Mildred"""|Brown|0|24|0|0|248733|13|2|F|F3|F33
347|2|Smith, Miss. Marion Elsie|Smith|0|40|0|0|31418|13|2|D|D|D
348|3|Davison, Mrs. Thomas Henry (Mary E Finck)|Davison|0|29|1|0|386525|16|2|E|E1|E101
349|3|"Coutts, Master. William Loch ""William"""|Coutts|1|3|1|1|C.A. 37671|15|2|G|G6|G6
350|3|Dimic, Mr. Jovan|Dimic|1|42|0|0|315088|8|2|D|D|D
351|3|Odahl, Mr. Nils Martin|Odahl|1|23|0|0|7267|9|2|E|E1|E101
352|1|Williams-Lambert, Mr. Fletcher Fellows|Williams-Lambert|1|29|0|0|113510|35|2|C|C1|C128
353|3|Elias, Mr. Tannous|Elias|1|15|1|1|2695|7|0|F|F |F G73
354|3|Arnold-Franchi, Mr. Josef|Arnold-Franchi|1|25|1|0|349237|17|2|D|D|D
355|3|Yousif, Mr. Wazli|Yousif|1|29|0|0|2647|7|0|E|E1|E10
356|3|Vanden Steen, Mr. Leo Peter|Vanden Steen|1|28|0|0|345783|9|2|E|E1|E101
357|1|Bowerman, Miss. Elsie Edith|Bowerman|0|22|0|1|113505|55|2|E|E3|E33
358|2|Funk, Miss. Annie Clemmer|Funk|0|38|0|0|237671|13|2|D|D|D
359|3|McGovern, Miss. Mary|McGovern|0|29|0|0|330931|7|1|F|F3|F33
360|3|"Mockler, Miss. Helen Mary ""Ellie"""|Mockler|0|29|0|0|330980|7|1|F|F3|F33
361|3|Skoog, Mr. Wilhelm|Skoog|1|40|1|4|347088|27|2|C|C1|C118
362|2|del Carlo, Mr. Sebastiano|del Carlo|1|29|1|0|SC/PARIS 2167|27|0|A|A1|A19
363|3|Barbara, Mrs. (Catherine David)|Barbara|0|45|0|1|2691|14|0|D|D|D
364|3|Asim, Mr. Adola|Asim|1|35|0|0|SOTON/O.Q. 3101310|7|2|B|B5|B51 B53 B55
365|3|O'Brien, Mr. Thomas|O'Brien|1|29|1|0|370365|15|1|E|E1|E101
366|3|Adahl, Mr. Mauritz Nils Martin|Adahl|1|30|0|0|C 7076|7|2|E|E1|E10
367|1|Warren, Mrs. Frank Manley (Anna Sophia Atkinson)|Warren|0|60|1|0|110813|75|0|D|D3|D37
368|3|Moussa, Mrs. (Mantoura Boulos)|Moussa|0|29|0|0|2626|7|0|F|F3|F33
369|3|Jermyn, Miss. Annie|Jermyn|0|29|0|0|14313|7|1|F|F3|F33
370|1|Aubart, Mme. Leontine Pauline|Aubart|0|24|0|0|PC 17477|69|0|B|B3|B35
371|1|Harder, Mr. George Achilles|Harder|1|25|1|0|11765|55|0|E|E5|E50
372|3|Wiklund, Mr. Jakob Alfred|Wiklund|1|18|1|0|3101267|6|2|F|F |F G73
373|3|Beavan, Mr. William Thomas|Beavan|1|19|0|0|323951|8|2|F|F |F G73
374|1|Ringhini, Mr. Sante|Ringhini|1|22|0|0|PC 17760|135|0|B|B7|B78
375|3|Palsson, Miss. Stina Viola|Palsson|0|3|3|1|349909|21|2|F|F2|F2
376|1|Meyer, Mrs. Edgar Joseph (Leila Saks)|Meyer|0|29|1|0|PC 17604|82|0|B|B7|B77
377|3|Landergren, Miss. Aurora Adelia|Landergren|0|22|0|0|C 7077|7|2|F|F |F G73
378|1|Widener, Mr. Harry Elkins|Widener|1|27|0|2|113503|211|0|C|C8|C82
379|3|Betros, Mr. Tannous|Betros|1|20|0|0|2648|4|0|F|F |F G73
380|3|Gustafsson, Mr. Karl Gideon|Gustafsson|1|19|0|0|347069|7|2|F|F |F G73
381|1|Bidois, Miss. Rosalie|Bidois|0|42|0|0|PC 17757|227|0|B|B3|B3
382|3|"Nakid, Miss. Maria (""Mary"")"|Nakid|0|1|0|2|2653|15|0|G|G6|G6
383|3|Tikkanen, Mr. Juho|Tikkanen|1|32|0|0|STON/O 2. 3101293|7|2|B|B5|B51 B53 B55
384|1|Holverson, Mrs. Alexander Oskar (Mary Aline Towner)|Holverson|0|35|1|0|113789|52|2|C|C1|C123
385|3|Plotcharsky, Mr. Vasil|Plotcharsky|1|29|0|0|349227|7|2|E|E1|E10
386|2|Davies, Mr. Charles Henry|Davies|1|18|0|0|S.O.C. 14879|73|2|D|D2|D26
387|3|Goodwin, Master. Sidney Leonard|Goodwin|1|1|5|2|CA 2144|46|2|F|F4|F4
388|2|Buss, Miss. Kate|Buss|0|36|0|0|27849|13|2|D|D|D
389|3|Sadlier, Mr. Matthew|Sadlier|1|29|0|0|367655|7|1|E|E1|E10
390|2|Lehmann, Miss. Bertha|Lehmann|0|17|0|0|SC 1748|12|0|D|D|D
391|1|Carter, Mr. William Ernest|Carter|1|36|1|2|113760|120|2|B|B9|B96 B98
392|3|Jansson, Mr. Carl Olof|Jansson|1|21|0|0|350034|7|2|F|F |F G73
393|3|Gustafsson, Mr. Johan Birger|Gustafsson|1|28|2|0|3101277|7|2|F|F |F G73
394|1|Newell, Miss. Marjorie|Newell|0|23|1|0|35273|113|0|D|D3|D36
395|3|Sandstrom, Mrs. Hjalmar (Agnes Charlotta Bengtsson)|Sandstrom|0|24|0|2|PP 9549|16|2|G|G6|G6
396|3|Johansson, Mr. Erik|Johansson|1|22|0|0|350052|7|2|F|F |F G73
397|3|Olsson, Miss. Elina|Olsson|0|31|0|0|350407|7|2|B|B5|B51 B53 B55
398|2|McKane, Mr. Peter David|McKane|1|46|0|0|28403|26|2|B|B3|B38
399|2|Pain, Dr. Alfred|Pain|1|23|0|0|244278|10|2|D|D|D
400|2|Trout, Mrs. William H (Jessie L)|Trout|0|28|0|0|240929|12|2|E|E1|E101
401|3|Niskanen, Mr. Juha|Niskanen|1|39|0|0|STON/O 2. 3101289|7|2|D|D|D
402|3|Adams, Mr. John|Adams|1|26|0|0|341826|8|2|E|E1|E101
403|3|Jussila, Miss. Mari Aina|Jussila|0|21|1|0|4137|9|2|F|F |F G73
404|3|Hakkarainen, Mr. Pekka Pietari|Hakkarainen|1|28|1|0|STON/O2. 3101279|15|2|E|E1|E101
405|3|Oreskovic, Miss. Marija|Oreskovic|0|20|0|0|315096|8|2|F|F |F G73
406|2|Gale, Mr. Shadrach|Gale|1|34|1|0|28664|21|2|E|E2|E25
407|3|Widegren, Mr. Carl/Charles Peter|Widegren|1|51|0|0|347064|7|2|B|B9|B94
408|2|Richards, Master. William Rowe|Richards|1|3|1|1|29106|18|2|E|E1|E121
409|3|Birkeland, Mr. Hans Martin Monsen|Birkeland|1|21|0|0|312992|7|2|F|F |F G73
410|3|Lefebre, Miss. Ida|Lefebre|0|29|3|1|4133|25|2|A|A1|A19
411|3|Sdycoff, Mr. Todor|Sdycoff|1|29|0|0|349222|7|2|E|E1|E10
412|3|Hart, Mr. Henry|Hart|1|29|0|0|394140|6|1|E|E1|E10
413|1|Minahan, Miss. Daisy E|Minahan|0|33|1|0|19928|90|1|C|C7|C78
414|2|Cunningham, Mr. Alfred Fleming|Cunningham|1|29|0|0|239853|0|2|B|B1|B102
415|3|Sundman, Mr. Johan Julian|Sundman|1|44|0|0|STON/O 2. 3101269|7|2|A|A3|A36
416|3|Meek, Mrs. Thomas (Annie Louise Rowley)|Meek|0|29|0|0|343095|8|2|F|F3|F33
417|2|Drew, Mrs. James Vivian (Lulu Thorne Christian)|Drew|0|34|1|1|28220|32|2|B|B5|B50
418|2|Silven, Miss. Lyyli Karoliina|Silven|0|18|0|2|250652|13|2|D|D|D
419|2|Matthews, Mr. William John|Matthews|1|30|0|0|28228|13|2|E|E1|E101
420|3|Van Impe, Miss. Catharina|Van Impe|0|10|0|2|345773|24|2|F|F2|F2
421|3|Gheorgheff, Mr. Stanio|Gheorgheff|1|29|0|0|349254|7|0|E|E1|E10
422|3|Charters, Mr. David|Charters|1|21|0|0|A/5. 13032|7|1|F|F |F G73
423|3|Zimmerman, Mr. Leo|Zimmerman|1|29|0|0|315082|7|2|E|E1|E10
424|3|Danbom, Mrs. Ernst Gilbert (Anna Sigrid Maria Brogren)|Danbom|0|28|1|1|347080|14|2|E|E1|E101
425|3|Rosblom, Mr. Viktor Richard|Rosblom|1|18|1|1|370129|20|2|D|D|D
426|3|Wiseman, Mr. Phillippe|Wiseman|1|29|0|0|A/4. 34244|7|2|E|E1|E10
427|2|Clarke, Mrs. Charles V (Ada Maria Winfield)|Clarke|0|28|1|0|2003|26|2|A|A1|A19
428|2|"Phillips, Miss. Kate Florence (""Mrs Kate Louise Phillips Marshall"")"|Phillips|0|19|0|0|250655|26|2|B|B4|B42
429|3|Flynn, Mr. James|Flynn|1|29|0|0|364851|7|1|E|E1|E10
430|3|Pickard, Mr. Berk (Berk Trembisky)|Pickard|1|32|0|0|SOTON/O.Q. 392078|8|2|E|E1|E10
431|1|Bjornstrom-Steffansson, Mr. Mauritz Hakan|Bjornstrom-Steffansson|1|28|0|0|110564|26|2|C|C5|C52
432|3|Thorneycroft, Mrs. Percival (Florence Kate White)|Thorneycroft|0|29|1|0|376564|16|2|E|E1|E101
433|2|Louch, Mrs. Charles Alexander (Alice Adelaide Slow)|Louch|0|42|1|0|SC/AH 3085|26|2|B|B3|B38
434|3|Kallio, Mr. Nikolai Erland|Kallio|1|17|0|0|STON/O 2. 3101274|7|2|F|F |F G73
435|1|Silvey, Mr. William Baird|Silvey|1|50|1|0|13507|55|2|E|E4|E44
436|1|Carter, Miss. Lucile Polk|Carter|0|14|1|2|113760|120|2|B|B9|B96 B98
437|3|"Ford, Miss. Doolina Margaret ""Daisy"""|Ford|0|21|2|2|W./C. 6608|34|2|B|B4|B42
438|2|Richards, Mrs. Sidney (Emily Hocking)|Richards|0|24|2|3|29106|18|2|D|D|D
439|1|Fortune, Mr. Mark|Fortune|1|64|1|4|19950|263|2|C|C2|C23 C25 C27
440|2|Kvillner, Mr. Johan Henrik Johannesson|Kvillner|1|31|0|0|C.A. 18723|10|2|E|E1|E10
441|2|Hart, Mrs. Benjamin (Esther Ada Bloomfield)|Hart|0|45|1|1|F.C.C. 13529|26|2|B|B3|B38
442|3|Hampe, Mr. Leon|Hampe|1|20|0|0|345769|9|2|F|F |F G73
443|3|Petterson, Mr. Johan Emil|Petterson|1|25|1|0|347076|7|2|E|E1|E101
444|2|Reynaldo, Ms. Encarnacion|Reynaldo|0|28|0|0|230434|13|2|E|E1|E101
445|3|Johannesen-Bratthammer, Mr. Bernt|Johannesen-Bratthammer|1|29|0|0|65306|8|2|F|F3|F33
446|1|Dodge, Master. Washington|Dodge|1|4|0|2|33638|81|2|A|A3|A34
447|2|Mellinger, Miss. Madeleine Violet|Mellinger|0|13|0|1|250644|19|2|D|D4|D47
448|1|Seward, Mr. Frederic Kimber|Seward|1|34|0|0|113794|26|2|E|E2|E25
449|3|Baclini, Miss. Marie Catherine|Baclini|0|5|2|1|2666|19|0|E|E1|E121
450|1|Peuchen, Major. Arthur Godfrey|Peuchen|1|52|0|0|113786|30|2|C|C1|C104
451|2|West, Mr. Edwy Arthur|West|1|36|1|2|C.A. 34651|27|2|E|E2|E25
452|3|Hagland, Mr. Ingvald Olai Olsen|Hagland|1|29|1|0|65303|19|2|E|E1|E101
453|1|Foreman, Mr. Benjamin Laventall|Foreman|1|30|0|0|113051|27|0|C|C1|C111
454|1|Goldenberg, Mr. Samuel L|Goldenberg|1|49|1|0|17453|89|0|C|C9|C92
455|3|Peduzzi, Mr. Joseph|Peduzzi|1|29|0|0|A/5 2817|8|2|F|F3|F33
456|3|Jalsevac, Mr. Ivan|Jalsevac|1|29|0|0|349240|7|0|E|E1|E10
457|1|Millet, Mr. Francis Davis|Millet|1|65|0|0|13509|26|2|E|E3|E38
458|1|Kenyon, Mrs. Frederick R (Marion)|Kenyon|0|29|1|0|17464|51|2|D|D2|D21
459|2|Toomey, Miss. Ellen|Toomey|0|50|0|0|F.C.C. 13531|10|2|B|B9|B94
460|3|O'Connor, Mr. Maurice|O'Connor|1|29|0|0|371060|7|1|E|E1|E10
461|1|Anderson, Mr. Harry|Anderson|1|48|0|0|19952|26|2|E|E1|E12
462|3|Morley, Mr. William|Morley|1|34|0|0|364506|8|2|B|B5|B51 B53 B55
463|1|Gee, Mr. Arthur H|Gee|1|47|0|0|111320|38|2|E|E6|E63
464|2|Milling, Mr. Jacob Christian|Milling|1|48|0|0|234360|13|2|D|D|D
465|3|Maisner, Mr. Simon|Maisner|1|29|0|0|A/S 2816|8|2|F|F3|F33
466|3|Goncalves, Mr. Manuel Estanslas|Goncalves|1|38|0|0|SOTON/O.Q. 3101306|7|2|B|B5|B51 B53 B55
467|2|Campbell, Mr. William|Campbell|1|29|0|0|239853|0|2|B|B1|B102
468|1|Smart, Mr. John Montgomery|Smart|1|56|0|0|113792|26|2|B|B3|B37
469|3|Scanlan, Mr. James|Scanlan|1|29|0|0|36209|7|1|E|E1|E10
470|3|Baclini, Miss. Helene Barbara|Baclini|0|0|2|1|2666|19|0|F|F2|F2
471|3|Keefe, Mr. Arthur|Keefe|1|29|0|0|323592|7|2|E|E1|E10
472|3|Cacic, Mr. Luka|Cacic|1|38|0|0|315089|8|2|D|D|D
473|2|West, Mrs. Edwy Arthur (Ada Mary Worth)|West|0|33|1|2|C.A. 34651|27|2|E|E2|E24
474|2|Jerwan, Mrs. Amin S (Marie Marthe Thuillard)|Jerwan|0|23|0|0|SC/AH Basle 541|13|0|D|D|D
475|3|Strandberg, Miss. Ida Sofia|Strandberg|0|22|0|0|7553|9|2|F|F |F G73
476|1|Clifford, Mr. George Quincy|Clifford|1|29|0|0|110465|52|2|A|A1|A14
477|2|Renouf, Mr. Peter Henry|Renouf|1|34|1|0|31027|21|2|E|E2|E25
478|3|Braund, Mr. Lewis Richard|Braund|1|29|1|0|3460|7|2|E|E1|E10
479|3|Karlsson, Mr. Nils August|Karlsson|1|22|0|0|350060|7|2|F|F |F G73
480|3|Hirvonen, Miss. Hildur E|Hirvonen|0|2|0|1|3101298|12|2|G|G6|G6
481|3|Goodwin, Master. Harold Victor|Goodwin|1|9|5|2|CA 2144|46|2|F|F4|F4
482|2|"Frost, Mr. Anthony Wood ""Archie"""|Frost|1|29|0|0|239854|0|2|B|B1|B102
483|3|Rouse, Mr. Richard Henry|Rouse|1|50|0|0|A/5 3594|8|2|B|B9|B94
484|3|Turkula, Mrs. (Hedwig)|Turkula|0|63|0|0|4134|9|2|C|C8|C87
485|1|Bishop, Mr. Dickinson H|Bishop|1|25|1|0|11967|91|0|B|B4|B49
486|3|Lefebre, Miss. Jeannie|Lefebre|0|29|3|1|4133|25|2|A|A1|A19
487|1|Hoyt, Mrs. Frederick Maxfield (Jane Anne Forby)|Hoyt|0|35|1|0|19943|90|2|C|C9|C93
488|1|Kent, Mr. Edward Austin|Kent|1|58|0|0|11771|29|0|B|B3|B37
489|3|Somerton, Mr. Francis William|Somerton|1|30|0|0|A.5. 18509|8|2|E|E1|E10
490|3|"Coutts, Master. Eden Leslie ""Neville"""|Coutts|1|9|1|1|C.A. 37671|15|2|G|G6|G6
491|3|Hagland, Mr. Konrad Mathias Reiersen|Hagland|1|29|1|0|65304|19|2|E|E1|E101
492|3|Windelov, Mr. Einar|Windelov|1|21|0|0|SOTON/OQ 3101317|7|2|F|F |F G73
493|1|Molson, Mr. Harry Markland|Molson|1|55|0|0|113787|30|2|C|C3|C30
494|1|Artagaveytia, Mr. Ramon|Artagaveytia|1|71|0|0|PC 17609|49|0|A|A5|A5
495|3|Stanley, Mr. Edward Roland|Stanley|1|21|0|0|A/4 45380|8|2|F|F |F G73
496|3|Yousseff, Mr. Gerious|Yousseff|1|29|0|0|2627|14|0|E|E1|E101
497|1|Eustis, Miss. Elizabeth Mussey|Eustis|0|54|1|0|36947|78|0|D|D2|D20
498|3|Shellard, Mr. Frederick William|Shellard|1|29|0|0|C.A. 6212|15|2|E|E1|E101
499|1|Allison, Mrs. Hudson J C (Bessie Waldo Daniels)|Allison|0|25|1|2|113781|151|2|C|C2|C22 C26
500|3|Svensson, Mr. Olof|Svensson|1|24|0|0|350035|7|2|F|F |F G73
501|3|Calic, Mr. Petar|Calic|1|17|0|0|315086|8|2|F|F |F G73
502|3|Canavan, Miss. Mary|Canavan|0|21|0|0|364846|7|1|F|F |F G73
503|3|O'Sullivan, Miss. Bridget Mary|O'Sullivan|0|29|0|0|330909|7|1|F|F3|F33
504|3|Laitinen, Miss. Kristina Sofia|Laitinen|0|37|0|0|4135|9|2|D|D|D
505|1|Maioni, Miss. Roberta|Maioni|0|16|0|0|110152|86|2|B|B7|B79
506|1|Penasco y Castellana, Mr. Victor de Satode|Penasco y Castellana|1|18|1|0|PC 17758|108|0|C|C6|C65
507|2|Quick, Mrs. Frederick Charles (Jane Richards)|Quick|0|33|0|2|26360|26|2|E|E2|E24
508|1|"Bradley, Mr. George (""George Arthur Brayton"")"|Bradley|1|29|0|0|111427|26|2|A|A1|A19
509|3|Olsen, Mr. Henry Margido|Olsen|1|28|0|0|C 4001|22|2|A|A1|A19
510|3|Lang, Mr. Fang|Lang|1|26|0|0|1601|56|2|E|E3|E33
511|3|Daly, Mr. Eugene Patrick|Daly|1|29|0|0|382651|7|1|E|E1|E10
512|3|Webber, Mr. James|Webber|1|29|0|0|SOTON/OQ 3101316|8|2|F|F3|F33
513|1|McGough, Mr. James Robert|McGough|1|36|0|0|PC 17473|26|2|E|E2|E25
514|1|Rothschild, Mrs. Martin (Elizabeth L. Barrett)|Rothschild|0|54|1|0|PC 17603|59|0|A|A2|A20
515|3|Coleff, Mr. Satio|Coleff|1|24|0|0|349209|7|2|F|F |F G73
516|1|Walker, Mr. William Anderson|Walker|1|47|0|0|36967|34|2|D|D4|D46
517|2|Lemore, Mrs. (Amelia Milley)|Lemore|0|34|0|0|C.A. 34260|10|2|F|F3|F33
518|3|Ryan, Mr. Patrick|Ryan|1|29|0|0|371110|24|1|A|A1|A19
519|2|"Angle, Mrs. William A (Florence ""Mary"" Agnes Hughes)"|Angle|0|36|1|0|226875|26|2|E|E2|E25
520|3|Pavlovic, Mr. Stefo|Pavlovic|1|32|0|0|349242|7|2|B|B5|B51 B53 B55
521|1|Perreault, Miss. Anne|Perreault|0|30|0|0|12749|93|2|B|B7|B73
522|3|Vovk, Mr. Janko|Vovk|1|22|0|0|349252|7|2|F|F |F G73
523|3|Lahoud, Mr. Sarkis|Lahoud|1|29|0|0|2624|7|0|E|E1|E10
524|1|Hippach, Mrs. Louis Albert (Ida Sophia Fischer)|Hippach|0|44|0|1|111361|57|0|B|B1|B18
525|3|Kassem, Mr. Fared|Kassem|1|29|0|0|2700|7|0|E|E1|E10
526|3|Farrell, Mr. James|Farrell|1|40|0|0|367232|7|1|D|D|D
527|2|Ridsdale, Miss. Lucy|Ridsdale|0|50|0|0|W./C. 14258|10|2|B|B9|B94
528|1|Farthing, Mr. John|Farthing|1|29|0|0|PC 17483|221|2|C|C9|C95
529|3|Salonen, Mr. Johan Werner|Salonen|1|39|0|0|3101296|7|2|D|D|D
530|2|Hocking, Mr. Richard George|Hocking|1|23|2|1|29104|11|2|D|D|D
531|2|Quick, Miss. Phyllis May|Quick|0|2|1|1|26360|26|2|F|F2|F2
532|3|Toufik, Mr. Nakli|Toufik|1|29|0|0|2641|7|0|E|E1|E10
533|3|Elias, Mr. Joseph Jr|Elias|1|17|1|1|2690|7|0|F|F |F G73
534|3|Peter, Mrs. Catherine (Catherine Rizk)|Peter|0|29|0|2|2668|22|0|A|A1|A19
535|3|Cacic, Miss. Marija|Cacic|0|30|0|0|315084|8|2|E|E1|E10
536|2|Hart, Miss. Eva Miriam|Hart|0|7|0|2|F.C.C. 13529|26|2|F|F2|F2
537|1|Butt, Major. Archibald Willingham|Butt|1|45|0|0|113050|26|2|B|B3|B38
538|1|LeRoy, Miss. Bertha|LeRoy|0|30|0|0|PC 17761|106|0|D|D3|D36
539|3|Risien, Mr. Samuel Beard|Risien|1|29|0|0|364498|14|2|E|E1|E101
540|1|Frolicher, Miss. Hedwig Margaritha|Frolicher|0|22|0|2|13568|49|0|B|B3|B39
541|1|Crosby, Miss. Harriet R|Crosby|0|36|0|2|WE/P 5735|71|2|B|B2|B22
542|3|Andersson, Miss. Ingeborg Constanzia|Andersson|0|9|4|2|347082|31|2|F|F2|F2
543|3|Andersson, Miss. Sigrid Elisabeth|Andersson|0|11|4|2|347082|31|2|B|B4|B42
544|2|Beane, Mr. Edward|Beane|1|32|1|0|2908|26|2|A|A1|A19
545|1|Douglas, Mr. Walter Donald|Douglas|1|50|1|0|PC 17761|106|0|C|C8|C86
546|1|Nicholson, Mr. Arthur Ernest|Nicholson|1|64|0|0|693|26|2|C|C1|C103
547|2|Beane, Mrs. Edward (Ethel Clarke)|Beane|0|19|1|0|2908|26|2|B|B4|B42
548|2|Padro y Manent, Mr. Julian|Padro y Manent|1|29|0|0|SC/PARIS 2146|13|0|E|E1|E101
549|3|Goldsmith, Mr. Frank John|Goldsmith|1|33|1|1|363291|20|2|E|E2|E24
550|2|Davies, Master. John Morgan Jr|Davies|1|8|1|1|C.A. 33112|36|2|F|F4|F4
551|1|Thayer, Mr. John Borland Jr|Thayer|1|17|0|2|17421|110|0|C|C7|C70
552|2|Sharp, Mr. Percival James R|Sharp|1|27|0|0|244358|26|2|A|A1|A19
553|3|O'Brien, Mr. Timothy|O'Brien|1|29|0|0|330979|7|1|E|E1|E10
554|3|"Leeni, Mr. Fahim (""Philip Zenni"")"|Leeni|1|22|0|0|2620|7|0|F|F |F G73
555|3|Ohman, Miss. Velin|Ohman|0|22|0|0|347085|7|2|F|F |F G73
556|1|Wright, Mr. George|Wright|1|62|0|0|113807|26|2|C|C1|C103
557|1|"Duff Gordon, Lady. (Lucille Christiana Sutherland) (""Mrs Morgan"")"|Duff Gordon|0|48|1|0|11755|39|0|A|A1|A16
558|1|Robbins, Mr. Victor|Robbins|1|29|0|0|PC 17757|227|0|C|C4|C45
559|1|Taussig, Mrs. Emil (Tillie Mandelbaum)|Taussig|0|39|1|1|110413|79|2|E|E6|E67
560|3|de Messemaeker, Mrs. Guillaume Joseph (Emma)|de Messemaeker|0|36|1|0|345572|17|2|D|D|D
561|3|Morrow, Mr. Thomas Rowan|Morrow|1|29|0|0|372622|7|1|E|E1|E10
562|3|Sivic, Mr. Husein|Sivic|1|40|0|0|349251|7|2|D|D|D
563|2|Norman, Mr. Robert Douglas|Norman|1|28|0|0|218629|13|2|E|E1|E101
564|3|Simmons, Mr. John|Simmons|1|29|0|0|SOTON/OQ 392082|8|2|F|F3|F33
565|3|Meanwell, Miss. (Marion Ogden)|Meanwell|0|29|0|0|SOTON/O.Q. 392087|8|2|F|F3|F33
566|3|Davies, Mr. Alfred J|Davies|1|24|2|0|A/4 48871|24|2|A|A1|A19
567|3|Stoytcheff, Mr. Ilia|Stoytcheff|1|19|0|0|349205|7|2|F|F |F G73
568|3|Palsson, Mrs. Nils (Alma Cornelia Berglund)|Palsson|0|29|0|4|349909|21|2|A|A1|A19
569|3|Doharr, Mr. Tannous|Doharr|1|29|0|0|2686|7|0|E|E1|E10
570|3|Jonsson, Mr. Carl|Jonsson|1|32|0|0|350417|7|2|B|B5|B51 B53 B55
571|2|Harris, Mr. George|Harris|1|62|0|0|S.W./PP 752|10|2|C|C8|C87
572|1|Appleton, Mrs. Edward Dale (Charlotte Lamson)|Appleton|0|53|2|0|11769|51|2|C|C1|C101
573|1|"Flynn, Mr. John Irwin (""Irving"")"|Flynn|1|36|0|0|PC 17474|26|2|E|E2|E25
574|3|Kelly, Miss. Mary|Kelly|0|29|0|0|14312|7|1|F|F3|F33
575|3|Rush, Mr. Alfred George John|Rush|1|16|0|0|A/4. 20589|8|2|F|F |F G73
576|3|Patchett, Mr. George|Patchett|1|19|0|0|358585|14|2|D|D|D
577|2|Garside, Miss. Ethel|Garside|0|34|0|0|243880|13|2|D|D|D
578|1|Silvey, Mrs. William Baird (Alice Munger)|Silvey|0|39|1|0|13507|55|2|E|E4|E44
579|3|Caram, Mrs. Joseph (Maria Elias)|Caram|0|29|1|0|2689|14|0|E|E1|E101
580|3|Jussila, Mr. Eiriik|Jussila|1|32|0|0|STON/O 2. 3101286|7|2|B|B5|B51 B53 B55
581|2|Christy, Miss. Julie Rachel|Christy|0|25|1|1|237789|30|2|C|C1|C106
582|1|Thayer, Mrs. John Borland (Marian Longstreth Morris)|Thayer|0|39|1|1|17421|110|0|C|C6|C68
583|2|Downton, Mr. William James|Downton|1|54|0|0|28403|26|2|C|C1|C103
584|1|Ross, Mr. John Hugo|Ross|1|36|0|0|13049|40|0|A|A1|A10
585|3|Paulner, Mr. Uscher|Paulner|1|29|0|0|3411|8|0|F|F3|F33
586|1|Taussig, Miss. Ruth|Taussig|0|18|0|2|110413|79|2|E|E6|E68
587|2|Jarvis, Mr. John Denzil|Jarvis|1|47|0|0|237565|15|2|D|D1|D17
588|1|Frolicher-Stehli, Mr. Maxmillian|Frolicher-Stehli|1|60|1|1|13567|79|0|B|B4|B41
589|3|Gilinski, Mr. Eliezer|Gilinski|1|22|0|0|14973|8|2|F|F |F G73
590|3|Murdlin, Mr. Joseph|Murdlin|1|29|0|0|A./5. 3235|8|2|F|F3|F33
591|3|Rintamaki, Mr. Matti|Rintamaki|1|35|0|0|STON/O 2. 3101273|7|2|B|B5|B51 B53 B55
592|1|Stephenson, Mrs. Walter Bertram (Martha Eustis)|Stephenson|0|52|1|0|36947|78|0|D|D2|D20
593|3|Elsbury, Mr. William James|Elsbury|1|47|0|0|A/5 3902|7|2|B|B9|B94
594|3|Bourke, Miss. Mary|Bourke|0|29|0|2|364848|7|1|F|F3|F33
595|2|Chapman, Mr. John Henry|Chapman|1|37|1|0|SC/AH 29037|26|2|E|E2|E25
596|3|Van Impe, Mr. Jean Baptiste|Van Impe|1|36|1|1|345773|24|2|E|E2|E25
597|2|Leitch, Miss. Jessie Wills|Leitch|0|29|0|0|248727|33|2|A|A6|A6
598|3|Johnson, Mr. Alfred|Johnson|1|49|0|0|LINE|0|2|A|A3|A36
599|3|Boulos, Mr. Hanna|Boulos|1|29|0|0|2664|7|0|E|E1|E10
600|1|"Duff Gordon, Sir. Cosmo Edmund (""Mr Morgan"")"|Duff Gordon|1|49|1|0|PC 17485|56|0|A|A2|A20
601|2|Jacobsohn, Mrs. Sidney Samuel (Amy Frances Christy)|Jacobsohn|0|24|2|1|243847|27|2|C|C1|C148
602|3|Slabenoff, Mr. Petco|Slabenoff|1|29|0|0|349214|7|2|E|E1|E10
603|1|Harrington, Mr. Charles H|Harrington|1|29|0|0|113796|42|2|A|A6|A6
604|3|Torber, Mr. Ernst William|Torber|1|44|0|0|364511|8|2|B|B9|B94
605|1|"Homer, Mr. Harry (""Mr E Haven"")"|Homer|1|35|0|0|111426|26|0|E|E2|E25
606|3|Lindell, Mr. Edvard Bengtsson|Lindell|1|36|1|0|349910|15|2|D|D|D
607|3|Karaic, Mr. Milan|Karaic|1|30|0|0|349246|7|2|E|E1|E10
608|1|Daniel, Mr. Robert Williams|Daniel|1|27|0|0|113804|30|2|C|C1|C106
609|2|Laroche, Mrs. Joseph (Juliette Marie Louise Lafargue)|Laroche|0|22|1|2|SC/Paris 2123|41|0|B|B3|B39
610|1|Shutes, Miss. Elizabeth W|Shutes|0|40|0|0|PC 17582|153|2|C|C1|C125
611|3|Andersson, Mrs. Anders Johan (Alfrida Konstantia Brogren)|Andersson|0|39|1|5|347082|31|2|A|A3|A31
612|3|Jardin, Mr. Jose Neto|Jardin|1|29|0|0|SOTON/O.Q. 3101305|7|2|E|E1|E10
613|3|Murphy, Miss. Margaret Jane|Murphy|0|29|1|0|367230|15|1|E|E1|E101
614|3|Horgan, Mr. John|Horgan|1|29|0|0|370377|7|1|E|E1|E10
615|3|Brocklebank, Mr. William Alfred|Brocklebank|1|35|0|0|364512|8|2|B|B5|B51 B53 B55
616|2|Herman, Miss. Alice|Herman|0|24|1|2|220845|65|2|B|B3|B35
617|3|Danbom, Mr. Ernst Gilbert|Danbom|1|34|1|1|347080|14|2|D|D|D
618|3|Lobb, Mrs. William Arthur (Cordelia K Stanlick)|Lobb|0|26|1|0|A/5. 3336|16|2|E|E1|E121
619|2|Becker, Miss. Marion Louise|Becker|0|4|2|1|230136|39|2|F|F4|F4
620|2|Gavey, Mr. Lawrence|Gavey|1|26|0|0|31028|10|2|E|E1|E101
621|3|Yasbeck, Mr. Antoni|Yasbeck|1|27|1|0|2659|14|0|E|E1|E101
622|1|Kimball, Mr. Edwin Nelson Jr|Kimball|1|42|1|0|11753|52|2|D|D1|D19
623|3|Nakid, Mr. Sahid|Nakid|1|20|1|1|2653|15|0|D|D|D
624|3|Hansen, Mr. Henry Damsgaard|Hansen|1|21|0|0|350029|7|2|F|F |F G73
625|3|"Bowen, Mr. David John ""Dai"""|Bowen|1|21|0|0|54636|16|2|D|D|D
626|1|Sutton, Mr. Frederick|Sutton|1|61|0|0|36963|32|2|D|D5|D50
627|2|Kirkland, Rev. Charles Leonard|Kirkland|1|57|0|0|219533|12|1|C|C1|C103
628|1|Longley, Miss. Gretchen Fiske|Longley|0|21|0|0|13502|77|2|D|D9|D9
629|3|Bostandyeff, Mr. Guentcho|Bostandyeff|1|26|0|0|349224|7|2|E|E1|E101
630|3|O'Connell, Mr. Patrick D|O'Connell|1|29|0|0|334912|7|1|E|E1|E10
631|1|Barkworth, Mr. Algernon Henry Wilson|Barkworth|1|80|0|0|27042|30|2|A|A2|A23
632|3|Lundahl, Mr. Johan Svensson|Lundahl|1|51|0|0|347743|7|2|B|B9|B94
633|1|Stahelin-Maeglin, Dr. Max|Stahelin-Maeglin|1|32|0|0|13214|30|0|B|B5|B50
634|1|Parr, Mr. William Henry Marsh|Parr|1|29|0|0|112052|0|2|B|B1|B102
635|3|Skoog, Miss. Mabel|Skoog|0|9|3|2|347088|27|2|F|F2|F2
636|2|Davis, Miss. Mary|Davis|0|28|0|0|237668|13|2|E|E1|E101
637|3|Leinonen, Mr. Antti Gustaf|Leinonen|1|32|0|0|STON/O 2. 3101292|7|2|B|B5|B51 B53 B55
638|2|Collyer, Mr. Harvey|Collyer|1|31|1|1|C.A. 31921|26|2|A|A1|A19
639|3|Panula, Mrs. Juha (Maria Emilia Ojala)|Panula|0|41|0|5|3101295|39|2|A|A1|A10
640|3|Thorneycroft, Mr. Percival|Thorneycroft|1|29|1|0|376564|16|2|E|E1|E101
641|3|Jensen, Mr. Hans Peder|Jensen|1|20|0|0|350050|7|2|F|F |F G73
642|1|Sagesser, Mlle. Emma|Sagesser|0|24|0|0|PC 17477|69|0|B|B3|B35
643|3|Skoog, Miss. Margit Elizabeth|Skoog|0|2|3|2|347088|27|2|F|F2|F2
644|3|Foo, Mr. Choong|Foo|1|29|0|0|1601|56|2|B|B2|B20
645|3|Baclini, Miss. Eugenie|Baclini|0|0|2|1|2666|19|0|F|F2|F2
646|1|Harper, Mr. Henry Sleeper|Harper|1|48|1|0|PC 17572|76|0|D|D3|D33
647|3|Cor, Mr. Liudevit|Cor|1|19|0|0|349231|7|2|F|F |F G73
648|1|Simonius-Blumer, Col. Oberst Alfons|Simonius-Blumer|1|56|0|0|13213|35|0|A|A2|A26
649|3|Willey, Mr. Edward|Willey|1|29|0|0|S.O./P.P. 751|7|2|E|E1|E10
650|3|Stanley, Miss. Amy Zillah Elsie|Stanley|0|23|0|0|CA. 2314|7|2|F|F |F G73
651|3|Mitkoff, Mr. Mito|Mitkoff|1|29|0|0|349221|7|2|E|E1|E10
652|2|Doling, Miss. Elsie|Doling|0|18|0|1|231919|23|2|B|B4|B42
653|3|Kalvik, Mr. Johannes Halvorsen|Kalvik|1|21|0|0|8475|8|2|F|F |F G73
654|3|"O'Leary, Miss. Hanora ""Norah"""|O'Leary|0|29|0|0|330919|7|1|F|F3|F33
655|3|"Hegarty, Miss. Hanora ""Nora"""|Hegarty|0|18|0|0|365226|6|1|F|F |F G73
656|2|Hickman, Mr. Leonard Mark|Hickman|1|24|2|0|S.O.C. 14879|73|2|B|B3|B35
657|3|Radeff, Mr. Alexander|Radeff|1|29|0|0|349223|7|2|E|E1|E10
658|3|Bourke, Mrs. John (Catherine)|Bourke|0|32|1|1|364849|15|1|E|E1|E101
659|2|Eitemiller, Mr. George Floyd|Eitemiller|1|23|0|0|29751|13|2|D|D|D
660|1|Newell, Mr. Arthur Webster|Newell|1|58|0|2|35273|113|0|D|D4|D48
661|1|Frauenthal, Dr. Henry William|Frauenthal|1|50|2|0|PC 17611|133|2|C|C3|C32
662|3|Badt, Mr. Mohamed|Badt|1|40|0|0|2623|7|0|D|D|D
663|1|Colley, Mr. Edward Pomeroy|Colley|1|47|0|0|5727|25|2|E|E5|E58
664|3|Coleff, Mr. Peju|Coleff|1|36|0|0|349210|7|2|B|B5|B51 B53 B55
665|3|Lindqvist, Mr. Eino William|Lindqvist|1|20|1|0|STON/O 2. 3101285|7|2|F|F |F G73
666|2|Hickman, Mr. Lewis|Hickman|1|32|2|0|S.O.C. 14879|73|2|B|B2|B22
667|2|Butler, Mr. Reginald Fenton|Butler|1|25|0|0|234686|13|2|D|D|D
668|3|Rommetvedt, Mr. Knud Paust|Rommetvedt|1|29|0|0|312993|7|2|E|E1|E10
669|3|Cook, Mr. Jacob|Cook|1|43|0|0|A/5 3536|8|2|D|D|D
670|1|Taylor, Mrs. Elmer Zebley (Juliet Cummins Wright)|Taylor|0|29|1|0|19996|52|2|C|C1|C126
671|2|Brown, Mrs. Thomas William Solomon (Elizabeth Catherine Ford)|Brown|0|40|1|1|29750|39|2|A|A1|A10
672|1|Davidson, Mr. Thornton|Davidson|1|31|1|0|F.C. 12750|52|2|B|B7|B71
673|2|Mitchell, Mr. Henry Michael|Mitchell|1|70|0|0|C.A. 24580|10|2|C|C8|C87
674|2|Wilhelms, Mr. Charles|Wilhelms|1|31|0|0|244270|13|2|E|E1|E101
675|2|Watson, Mr. Ennis Hastings|Watson|1|29|0|0|239856|0|2|B|B1|B102
676|3|Edvardsson, Mr. Gustaf Hjalmar|Edvardsson|1|18|0|0|349912|7|2|F|F |F G73
677|3|Sawyer, Mr. Frederick Charles|Sawyer|1|24|0|0|342826|8|2|F|F |F G73
678|3|Turja, Miss. Anna Sofia|Turja|0|18|0|0|4138|9|2|D|D|D
679|3|Goodwin, Mrs. Frederick (Augusta Tyler)|Goodwin|0|43|1|6|CA 2144|46|2|C|C1|C110
680|1|Cardeza, Mr. Thomas Drake Martinez|Cardeza|1|36|0|1|PC 17755|512|0|B|B5|B51 B53 B55
681|3|Peters, Miss. Katie|Peters|0|29|0|0|330935|8|1|F|F3|F33
682|1|Hassab, Mr. Hammad|Hassab|1|27|0|0|PC 17572|76|0|D|D4|D49
683|3|Olsvigen, Mr. Thor Anderson|Olsvigen|1|20|0|0|6563|9|2|F|F |F G73
684|3|Goodwin, Mr. Charles Edward|Goodwin|1|14|5|2|CA 2144|46|2|B|B3|B39
685|2|Brown, Mr. Thomas William Solomon|Brown|1|60|1|1|29750|39|2|A|A2|A26
686|2|Laroche, Mr. Joseph Philippe Lemercier|Laroche|1|25|1|2|SC/Paris 2123|41|0|A|A6|A6
687|3|Panula, Mr. Jaako Arnold|Panula|1|14|4|1|3101295|39|2|B|B4|B42
688|3|Dakic, Mr. Branko|Dakic|1|19|0|0|349228|10|2|D|D|D
689|3|Fischer, Mr. Eberhard Thelander|Fischer|1|18|0|0|350036|7|2|F|F |F G73
690|1|Madill, Miss. Georgette Alexandra|Madill|0|15|0|1|24160|211|2|B|B5|B5
691|1|Dick, Mr. Albert Adrian|Dick|1|31|1|0|17474|57|2|B|B2|B20
692|3|Karun, Miss. Manca|Karun|0|4|0|1|349256|13|0|G|G6|G6
693|3|Lam, Mr. Ali|Lam|1|29|0|0|1601|56|2|B|B2|B20
694|3|Saad, Mr. Khalil|Saad|1|25|0|0|2672|7|0|E|E1|E101
695|1|Weir, Col. John|Weir|1|60|0|0|113800|26|2|B|B3|B37
696|2|Chapman, Mr. Charles Henry|Chapman|1|52|0|0|248731|13|2|D|D1|D17
697|3|Kelly, Mr. James|Kelly|1|44|0|0|363592|8|2|B|B9|B94
698|3|"Mullens, Miss. Katherine ""Katie"""|Mullens|0|29|0|0|35852|7|1|F|F3|F33
699|1|Thayer, Mr. John Borland|Thayer|1|49|1|1|17421|110|0|C|C6|C68
700|3|Humblen, Mr. Adolf Mathias Nicolai Olsen|Humblen|1|42|0|0|348121|7|2|F|F |F G63
701|1|Astor, Mrs. John Jacob (Madeleine Talmadge Force)|Astor|0|18|1|0|PC 17757|227|0|C|C6|C62 C64
702|1|Silverthorne, Mr. Spencer Victor|Silverthorne|1|35|0|0|PC 17475|26|2|E|E2|E24
703|3|Barbara, Miss. Saiide|Barbara|0|18|0|1|2691|14|0|D|D|D
704|3|Gallagher, Mr. Martin|Gallagher|1|25|0|0|36864|7|1|E|E1|E101
705|3|Hansen, Mr. Henrik Juul|Hansen|1|26|1|0|350025|7|2|E|E1|E101
706|2|"Morley, Mr. Henry Samuel (""Mr Henry Marshall"")"|Morley|1|39|0|0|250655|26|2|E|E2|E25
707|2|"Kelly, Mrs. Florence ""Fannie"""|Kelly|0|45|0|0|223596|13|2|D|D|D
708|1|Calderhead, Mr. Edward Pennington|Calderhead|1|42|0|0|PC 17476|26|2|E|E2|E24
709|1|Cleaver, Miss. Alice|Cleaver|0|22|0|0|113781|151|2|B|B7|B78
710|3|"Moubarek, Master. Halim Gonios (""William George"")"|Moubarek|1|29|1|1|2661|15|0|E|E1|E101
711|1|"Mayne, Mlle. Berthe Antonine (""Mrs de Villiers"")"|Mayne|0|24|0|0|PC 17482|49|0|C|C9|C90
712|1|Klaber, Mr. Herman|Klaber|1|29|0|0|113028|26|2|C|C1|C124
713|1|Taylor, Mr. Elmer Zebley|Taylor|1|48|1|0|19996|52|2|C|C1|C126
714|3|Larsson, Mr. August Viktor|Larsson|1|29|0|0|7545|9|2|F|F3|F33
715|2|Greenberg, Mr. Samuel|Greenberg|1|52|0|0|250647|13|2|D|D1|D17
716|3|Soholt, Mr. Peter Andreas Lauritz Andersen|Soholt|1|19|0|0|348124|7|2|F|F |F G73
717|1|Endres, Miss. Caroline Louise|Endres|0|38|0|0|PC 17757|227|0|C|C4|C45
718|2|"Troutt, Miss. Edwina Celia ""Winnie"""|Troutt|0|27|0|0|34218|10|2|E|E1|E101
719|3|McEvoy, Mr. Michael|McEvoy|1|29|0|0|36568|15|1|E|E1|E101
720|3|Johnson, Mr. Malkolm Joackim|Johnson|1|33|0|0|347062|7|2|B|B5|B51 B53 B55
721|2|"Harper, Miss. Annie Jessie ""Nina"""|Harper|0|6|0|1|248727|33|2|F|F4|F4
722|3|Jensen, Mr. Svend Lauritz|Jensen|1|17|1|0|350048|7|2|F|F |F G73
723|2|Gillespie, Mr. William Henry|Gillespie|1|34|0|0|12233|13|2|D|D|D
724|2|Hodges, Mr. Henry Price|Hodges|1|50|0|0|250643|13|2|D|D1|D17
725|1|Chambers, Mr. Norman Campbell|Chambers|1|27|1|0|113806|53|2|E|E8|E8
726|3|Oreskovic, Mr. Luka|Oreskovic|1|20|0|0|315094|8|2|F|F |F G73
727|2|Renouf, Mrs. Peter Henry (Lillian Jefferys)|Renouf|0|30|3|0|31027|21|2|A|A1|A19
728|3|Mannion, Miss. Margareth|Mannion|0|29|0|0|36866|7|1|F|F3|F33
729|2|Bryhl, Mr. Kurt Arnold Gottfrid|Bryhl|1|25|1|0|236853|26|2|A|A1|A19
730|3|Ilmakangas, Miss. Pieta Sofia|Ilmakangas|0|25|1|0|STON/O2. 3101271|7|2|E|E1|E101
731|1|Allen, Miss. Elisabeth Walton|Allen|0|29|0|0|24160|211|2|B|B5|B5
732|3|Hassan, Mr. Houssein G N|Hassan|1|11|0|0|2699|18|0|E|E1|E121
733|2|Knight, Mr. Robert J|Knight|1|29|0|0|239855|0|2|B|B1|B102
734|2|Berriman, Mr. William John|Berriman|1|23|0|0|28425|13|2|D|D|D
735|2|Troupiansky, Mr. Moses Aaron|Troupiansky|1|23|0|0|233639|13|2|D|D|D
736|3|Williams, Mr. Leslie|Williams|1|28|0|0|54636|16|2|E|E1|E101
737|3|Ford, Mrs. Edward (Margaret Ann Watson)|Ford|0|48|1|3|W./C. 6608|34|2|D|D4|D46
738|1|Lesurer, Mr. Gustave J|Lesurer|1|35|0|0|PC 17755|512|0|B|B1|B101
739|3|Ivanoff, Mr. Kanio|Ivanoff|1|29|0|0|349201|7|2|E|E1|E10
740|3|Nankoff, Mr. Minko|Nankoff|1|29|0|0|349218|7|2|E|E1|E10
741|1|Hawksford, Mr. Walter James|Hawksford|1|29|0|0|16988|30|2|D|D4|D45
742|1|Cavendish, Mr. Tyrell William|Cavendish|1|36|1|0|19877|78|2|C|C4|C46
743|1|"Ryerson, Miss. Susan Parker ""Suzette"""|Ryerson|0|21|2|2|PC 17608|262|0|B|B5|B57 B59 B63 B66
744|3|McNamee, Mr. Neal|McNamee|1|24|1|0|376566|16|2|D|D|D
745|3|Stranden, Mr. Juho|Stranden|1|31|0|0|STON/O 2. 3101288|7|2|B|B5|B51 B53 B55
746|1|Crosby, Capt. Edward Gifford|Crosby|1|70|1|1|WE/P 5735|71|2|B|B2|B22
747|3|Abbott, Mr. Rossmore Edward|Abbott|1|16|1|1|C.A. 2673|20|2|D|D|D
748|2|Sinkkonen, Miss. Anna|Sinkkonen|0|30|0|0|250648|13|2|E|E1|E101
749|1|Marvin, Mr. Daniel Warner|Marvin|1|19|1|0|113773|53|2|D|D3|D30
750|3|Connaghton, Mr. Michael|Connaghton|1|31|0|0|335097|7|1|B|B5|B51 B53 B55
751|2|Wells, Miss. Joan|Wells|0|4|1|1|29103|23|2|F|F2|F2
752|3|Moor, Master. Meier|Moor|1|6|0|1|392096|12|2|E|E1|E121
753|3|Vande Velde, Mr. Johannes Joseph|Vande Velde|1|33|0|0|345780|9|2|D|D5|D56
754|3|Jonkoff, Mr. Lalio|Jonkoff|1|23|0|0|349204|7|2|F|F |F G73
755|2|Herman, Mrs. Samuel (Jane Laver)|Herman|0|48|1|2|220845|65|2|A|A2|A20
756|2|Hamalainen, Master. Viljo|Hamalainen|1|0|1|1|250649|14|2|G|G6|G6
757|3|Carlsson, Mr. August Sigfrid|Carlsson|1|28|0|0|350042|7|2|E|E1|E101
758|2|Bailey, Mr. Percy Andrew|Bailey|1|18|0|0|29108|11|2|D|D|D
759|3|Theobald, Mr. Thomas Leonard|Theobald|1|34|0|0|363294|8|2|B|B5|B51 B53 B55
760|1|Rothes, the Countess. of (Lucy Noel Martha Dyer-Edwards)|Rothes|0|33|0|0|110152|86|2|B|B7|B77
761|3|Garfirth, Mr. John|Garfirth|1|29|0|0|358585|14|2|E|E1|E101
762|3|Nirva, Mr. Iisakki Antino Aijo|Nirva|1|41|0|0|SOTON/O2 3101272|7|2|B|B9|B94
763|3|Barah, Mr. Hanna Assi|Barah|1|20|0|0|2663|7|0|F|F |F G73
764|1|Carter, Mrs. William Ernest (Lucile Polk)|Carter|0|36|1|2|113760|120|2|B|B9|B96 B98
765|3|Eklund, Mr. Hans Linus|Eklund|1|16|0|0|347074|7|2|F|F |F G73
766|1|Hogeboom, Mrs. John C (Anna Andrews)|Hogeboom|0|51|1|0|13502|77|2|D|D1|D11
767|1|Brewe, Dr. Arthur Jackson|Brewe|1|29|0|0|112379|39|0|A|A6|A6
768|3|Mangan, Miss. Mary|Mangan|0|30|0|0|364850|7|1|E|E1|E10
769|3|Moran, Mr. Daniel J|Moran|1|29|1|0|371110|24|1|A|A1|A19
770|3|Gronnestad, Mr. Daniel Danielsen|Gronnestad|1|32|0|0|8471|8|2|E|E1|E10
771|3|Lievens, Mr. Rene Aime|Lievens|1|24|0|0|345781|9|2|E|E1|E101
772|3|Jensen, Mr. Niels Peder|Jensen|1|48|0|0|350047|7|2|B|B9|B94
773|2|Mack, Mrs. (Mary)|Mack|0|57|0|0|S.O./P.P. 3|10|2|E|E7|E77
774|3|Elias, Mr. Dibo|Elias|1|29|0|0|2674|7|0|E|E1|E10
775|2|Hocking, Mrs. Elizabeth (Eliza Needs)|Hocking|0|54|1|3|29105|23|2|C|C1|C103
776|3|Myhrman, Mr. Pehr Fabian Oliver Malkolm|Myhrman|1|18|0|0|347078|7|2|F|F |F G73
777|3|Tobin, Mr. Roger|Tobin|1|29|0|0|383121|7|1|F|F3|F38
778|3|Emanuel, Miss. Virginia Ethel|Emanuel|0|5|0|0|364516|12|2|G|G6|G6
779|3|Kilgannon, Mr. Thomas J|Kilgannon|1|29|0|0|36865|7|1|E|E1|E10
780|1|Robert, Mrs. Edward Scott (Elisabeth Walton McMillan)|Robert|0|43|0|1|24160|211|2|B|B3|B3
781|3|Ayoub, Miss. Banoura|Ayoub|0|13|0|0|2687|7|0|E|E1|E121
782|1|Dick, Mrs. Albert Adrian (Vera Gillespie)|Dick|0|17|1|0|17474|57|2|B|B2|B20
783|1|Long, Mr. Milton Clyde|Long|1|29|0|0|113501|30|2|D|D6|D6
784|3|Johnston, Mr. Andrew G|Johnston|1|29|1|2|W./C. 6607|23|2|A|A1|A19
785|3|Ali, Mr. William|Ali|1|25|0|0|SOTON/O.Q. 3101312|7|2|E|E1|E101
786|3|Harmer, Mr. Abraham (David Lishin)|Harmer|1|25|0|0|374887|7|2|E|E1|E101
787|3|Sjoblom, Miss. Anna Sofia|Sjoblom|0|18|0|0|3101265|7|2|F|F |F G73
788|3|Rice, Master. George Hugh|Rice|1|8|4|1|382652|29|1|F|F2|F2
789|3|Dean, Master. Bertram Vere|Dean|1|1|1|2|C.A. 2315|20|2|F|F2|F2
790|1|Guggenheim, Mr. Benjamin|Guggenheim|1|46|0|0|PC 17593|79|0|B|B8|B82 B84
791|3|"Keane, Mr. Andrew ""Andy"""|Keane|1|29|0|0|12460|7|1|E|E1|E10
792|2|Gaskell, Mr. Alfred|Gaskell|1|16|0|0|239865|26|2|B|B4|B42
793|3|Sage, Miss. Stella Anna|Sage|0|29|8|2|CA. 2343|69|2|B|B3|B35
794|1|Hoyt, Mr. William Fisher|Hoyt|1|29|0|0|PC 17600|30|0|C|C1|C106
795|3|Dantcheff, Mr. Ristiu|Dantcheff|1|25|0|0|349203|7|2|E|E1|E101
796|2|Otter, Mr. Richard|Otter|1|39|0|0|28213|13|2|D|D|D
797|1|Leader, Dr. Alice (Farnham)|Leader|0|49|0|0|17465|25|2|D|D1|D17
798|3|Osman, Mrs. Mara|Osman|0|31|0|0|349244|8|2|E|E1|E10
799|3|Ibrahim Shawah, Mr. Yousseff|Ibrahim Shawah|1|30|0|0|2685|7|0|E|E1|E10
800|3|Van Impe, Mrs. Jean Baptiste (Rosalie Paula Govaert)|Van Impe|0|30|1|1|345773|24|2|A|A1|A19
801|2|Ponesell, Mr. Martin|Ponesell|1|34|0|0|250647|13|2|D|D|D
802|2|Collyer, Mrs. Harvey (Charlotte Annie Tate)|Collyer|0|31|1|1|C.A. 31921|26|2|A|A1|A19
803|1|Carter, Master. William Thornton II|Carter|1|11|1|2|113760|120|2|B|B9|B96 B98
804|3|Thomas, Master. Assad Alexander|Thomas|1|0|0|1|2625|8|0|G|G6|G6
805|3|Hedman, Mr. Oskar Arvid|Hedman|1|27|0|0|347089|6|2|E|E1|E101
806|3|Johansson, Mr. Karl Johan|Johansson|1|31|0|0|347063|7|2|B|B5|B51 B53 B55
807|1|Andrews, Mr. Thomas Jr|Andrews|1|39|0|0|112050|0|2|A|A3|A36
808|3|Pettersson, Miss. Ellen Natalia|Pettersson|0|18|0|0|347087|7|2|F|F |F G73
809|2|Meyer, Mr. August|Meyer|1|39|0|0|248723|13|2|D|D|D
810|1|Chambers, Mrs. Norman Campbell (Bertha Griggs)|Chambers|0|33|1|0|113806|53|2|E|E8|E8
811|3|Alexander, Mr. William|Alexander|1|26|0|0|3474|7|2|E|E1|E101
812|3|Lester, Mr. James|Lester|1|39|0|0|A/4 48871|24|2|E|E2|E25
813|2|Slemen, Mr. Richard James|Slemen|1|35|0|0|28206|10|2|D|D|D
814|3|Andersson, Miss. Ebba Iris Alfrida|Andersson|0|6|4|2|347082|31|2|F|F2|F2
815|3|Tomlin, Mr. Ernest Portage|Tomlin|1|30|0|0|364499|8|2|E|E1|E10
816|1|Fry, Mr. Richard|Fry|1|29|0|0|112058|0|2|B|B1|B102
817|3|Heininen, Miss. Wendla Maria|Heininen|0|23|0|0|STON/O2. 3101290|7|2|F|F |F G73
818|2|Mallet, Mr. Albert|Mallet|1|31|1|1|S.C./PARIS 2079|37|0|A|A6|A6
819|3|Holm, Mr. John Fredrik Alexander|Holm|1|43|0|0|C 7075|6|2|A|A3|A36
820|3|Skoog, Master. Karl Thorsten|Skoog|1|10|3|2|347088|27|2|F|F2|F2
821|1|Hays, Mrs. Charles Melville (Clara Jennings Gregg)|Hays|0|52|1|1|12749|93|2|B|B6|B69
822|3|Lulic, Mr. Nikola|Lulic|1|27|0|0|315098|8|2|E|E1|E101
823|1|Reuchlin, Jonkheer. John George|Reuchlin|1|38|0|0|19972|0|2|A|A3|A36
824|3|Moor, Mrs. (Beila)|Moor|0|27|0|1|392096|12|2|E|E1|E121
825|3|Panula, Master. Urho Abraham|Panula|1|2|4|1|3101295|39|2|F|F4|F4
826|3|Flynn, Mr. John|Flynn|1|29|0|0|368323|6|1|E|E1|E10
827|3|Lam, Mr. Len|Lam|1|29|0|0|1601|56|2|B|B2|B20
828|2|Mallet, Master. Andre|Mallet|1|1|0|2|S.C./PARIS 2079|37|0|F|F4|F4
829|3|McCormack, Mr. Thomas Joseph|McCormack|1|29|0|0|367228|7|1|E|E1|E10
830|1|Stone, Mrs. George Nelson (Martha Evelyn)|Stone|0|62|0|0|113572|80|2|B|B2|B28
831|3|Yasbeck, Mrs. Antoni (Selini Alexander)|Yasbeck|0|15|1|0|2659|14|0|D|D|D
832|2|Richards, Master. George Sibley|Richards|1|0|1|1|29106|18|2|G|G6|G6
833|3|Saad, Mr. Amin|Saad|1|29|0|0|2671|7|0|E|E1|E10
834|3|Augustsson, Mr. Albert|Augustsson|1|23|0|0|347468|7|2|F|F |F G73
835|3|Allum, Mr. Owen George|Allum|1|18|0|0|2223|8|2|F|F |F G73
836|1|Compton, Miss. Sara Rebecca|Compton|0|39|1|1|PC 17756|83|0|E|E4|E49
837|3|Pasic, Mr. Jakob|Pasic|1|21|0|0|315097|8|2|F|F |F G73
838|3|Sirota, Mr. Maurice|Sirota|1|29|0|0|392092|8|2|F|F3|F33
839|3|Chip, Mr. Chang|Chip|1|32|0|0|1601|56|2|B|B2|B20
840|1|Marechal, Mr. Pierre|Marechal|1|29|0|0|11774|29|0|C|C4|C47
841|3|Alhomaki, Mr. Ilmari Rudolf|Alhomaki|1|20|0|0|SOTON/O2 3101287|7|2|F|F |F G73
842|2|Mudd, Mr. Thomas Charles|Mudd|1|16|0|0|S.O./P.P. 3|10|2|D|D|D
843|1|Serepeca, Miss. Augusta|Serepeca|0|30|0|0|113798|31|0|B|B5|B50
844|3|Lemberopolous, Mr. Peter L|Lemberopolous|1|34|0|0|2683|6|0|B|B5|B51 B53 B55
845|3|Culumovic, Mr. Jeso|Culumovic|1|17|0|0|315090|8|2|F|F |F G73
846|3|Abbing, Mr. Anthony|Abbing|1|42|0|0|C.A. 5547|7|2|A|A3|A36
847|3|Sage, Mr. Douglas Bullen|Sage|1|29|8|2|CA. 2343|69|2|B|B3|B35
848|3|Markoff, Mr. Marin|Markoff|1|35|0|0|349213|7|0|B|B5|B51 B53 B55
849|2|Harper, Rev. John|Harper|1|28|0|1|248727|33|2|A|A6|A6
850|1|Goldenberg, Mrs. Samuel L (Edwiga Grabowska)|Goldenberg|0|29|1|0|17453|89|0|C|C9|C92
851|3|Andersson, Master. Sigvard Harald Elias|Andersson|1|4|4|2|347082|31|2|F|F2|F2
852|3|Svensson, Mr. Johan|Svensson|1|74|0|0|347060|7|2|C|C8|C87
853|3|Boulos, Miss. Nourelain|Boulos|0|9|1|1|2678|15|0|G|G6|G6
854|1|Lines, Miss. Mary Conover|Lines|0|16|0|1|PC 17592|39|2|D|D2|D28
855|2|Carter, Mrs. Ernest Courtenay (Lilian Hughes)|Carter|0|44|1|0|244252|26|2|B|B3|B38
856|3|Aks, Mrs. Sam (Leah Rosen)|Aks|0|18|0|1|392091|9|2|D|D|D
857|1|Wick, Mrs. George Dennick (Mary Hitchcock)|Wick|0|45|1|1|36928|164|2|C|C1|C125
858|1|Daly, Mr. Peter Denis |Daly|1|51|0|0|113055|26|2|E|E1|E17
859|3|Baclini, Mrs. Solomon (Latifa Qurban)|Baclini|0|24|0|3|2666|19|0|D|D|D
860|3|Razi, Mr. Raihed|Razi|1|29|0|0|2629|7|0|E|E1|E10
861|3|Hansen, Mr. Claus Peter|Hansen|1|41|2|0|350026|14|2|D|D|D
862|2|Giles, Mr. Frederick Edward|Giles|1|21|1|0|28134|11|2|D|D|D
863|1|Swift, Mrs. Frederick Joel (Margaret Welles Barron)|Swift|0|48|0|0|17466|25|2|D|D1|D17
864|3|"Sage, Miss. Dorothy Edith ""Dolly"""|Sage|0|29|8|2|CA. 2343|69|2|B|B3|B35
865|2|Gill, Mr. John William|Gill|1|24|0|0|233866|13|2|D|D|D
866|2|Bystrom, Mrs. (Karolina)|Bystrom|0|42|0|0|236852|13|2|D|D|D
867|2|Duran y More, Miss. Asuncion|Duran y More|0|27|1|0|SC/PARIS 2149|13|0|E|E1|E101
868|1|Roebling, Mr. Washington Augustus II|Roebling|1|31|0|0|PC 17590|50|2|A|A2|A24
869|3|van Melkebeke, Mr. Philemon|van Melkebeke|1|29|0|0|345777|9|2|F|F3|F33
870|3|Johnson, Master. Harold Theodor|Johnson|1|4|1|1|347742|11|2|G|G6|G6
871|3|Balkic, Mr. Cerin|Balkic|1|26|0|0|349248|7|2|E|E1|E101
872|1|Beckwith, Mrs. Richard Leonard (Sallie Monypeny)|Beckwith|0|47|1|1|11751|52|2|D|D3|D35
873|1|Carlsson, Mr. Frans Olof|Carlsson|1|33|0|0|695|5|2|B|B5|B51 B53 B55
874|3|Vander Cruyssen, Mr. Victor|Vander Cruyssen|1|47|0|0|345765|9|2|B|B9|B94
875|2|Abelson, Mrs. Samuel (Hannah Wizosky)|Abelson|0|28|1|0|P/PP 3381|24|0|A|A1|A19
876|3|"Najib, Miss. Adele Kiamie ""Jane"""|Najib|0|15|0|0|2667|7|0|F|F |F G73
877|3|Gustafsson, Mr. Alfred Ossian|Gustafsson|1|20|0|0|7534|9|2|F|F |F G73
878|3|Petroff, Mr. Nedelio|Petroff|1|19|0|0|349212|7|2|F|F |F G73
879|3|Laleff, Mr. Kristo|Laleff|1|29|0|0|349217|7|2|E|E1|E10
880|1|Potter, Mrs. Thomas Jr (Lily Alexenia Wilson)|Potter|0|56|0|1|11767|83|0|C|C5|C50
881|2|Shelley, Mrs. William (Imanita Parrish Hall)|Shelley|0|25|0|1|230433|26|2|A|A1|A19
882|3|Markun, Mr. Johann|Markun|1|33|0|0|349257|7|2|B|B5|B51 B53 B55
883|3|Dahlberg, Miss. Gerda Ulrika|Dahlberg|0|22|0|0|7552|10|2|D|D|D
884|2|Banfield, Mr. Frederick James|Banfield|1|28|0|0|C.A./SOTON 34068|10|2|E|E1|E101
885|3|Sutehall, Mr. Henry Jr|Sutehall|1|25|0|0|SOTON/OQ 392076|7|2|E|E1|E101
886|3|Rice, Mrs. William (Margaret Norton)|Rice|0|39|0|5|382652|29|1|A|A3|A31
887|2|Montvila, Rev. Juozas|Montvila|1|27|0|0|211536|13|2|E|E1|E101
888|1|Graham, Miss. Margaret Edith|Graham|0|19|0|0|112053|30|2|B|B4|B42
889|3|"Johnston, Miss. Catherine Helen ""Carrie"""|Johnston|0|29|1|2|W./C. 6607|23|2|A|A1|A19
890|1|Behr, Mr. Karl Howell|Behr|1|26|0|0|111369|30|0|C|C1|C148
891|3|Dooley, Mr. Patrick|Dooley|1|32|0|0|370376|7|1|B|B5|B51 B53 B55
